ID,frequency,recency,T
1,2,30.43,38.86
2,1,1.71,38.86
3,0,0.0,38.86
4,0,0.0,38.86
5,0,0.0,38.86
6,7,29.43,38.86
7,1,5.0,38.86
8,0,0.0,38.86
9,2,35.71,38.86
10,0,0.0,38.86
11,5,24.43,38.86
12,0,0.0,38.86
13,0,0.0,38.86
14,0,0.0,38.86
15,0,0.0,38.86
16,0,0.0,38.86
17,10,34.14,38.86
18,1,4.86,38.86
19,3,28.29,38.71
20,0,0.0,38.71
21,2,14.57,38.71
22,0,0.0,38.71
23,0,0.0,38.71
24,0,0.0,38.71
25,0,0.0,38.71
26,1,1.57,38.71
27,0,0.0,38.71
28,1,29.43,38.71
29,0,0.0,38.71
30,1,5.86,38.71
31,0,0.0,38.71
32,0,0.0,38.71
33,0,0.0,38.71
34,0,0.0,38.71
35,1,27.14,38.71
36,0,0.0,38.71
37,0,0.0,38.71
38,1,2.14,38.71
39,0,0.0,38.71
40,0,0.0,38.71
41,0,0.0,38.57
42,0,0.0,38.57
43,0,0.0,38.57
44,0,0.0,38.57
45,1,24.43,38.57
46,12,34.43,38.57
47,0,0.0,38.57
48,0,0.0,38.57
49,1,1.57,38.57
50,0,0.0,38.57
51,0,0.0,38.57
52,0,0.0,38.57
53,0,0.0,38.57
54,0,0.0,38.57
55,0,0.0,38.57
56,2,33.14,38.57
57,1,4.29,38.57
58,0,0.0,38.43
59,1,38.43,38.43
60,0,0.0,38.43
61,4,29.43,38.43
62,0,0.0,38.43
63,1,16.14,38.43
64,0,0.0,38.43
65,0,0.0,38.43
66,0,0.0,38.43
67,2,21.14,38.43
68,0,0.0,38.43
69,0,0.0,38.43
70,3,29.29,38.43
71,0,0.0,38.43
72,0,0.0,38.43
73,1,5.86,38.43
74,0,0.0,38.43
75,1,5.14,38.43
76,0,0.0,38.43
77,0,0.0,38.43
78,0,0.0,38.29
79,3,16.86,38.29
80,0,0.0,38.29
81,0,0.0,38.29
82,1,7.43,38.29
83,0,0.0,38.29
84,0,0.0,38.29
85,0,0.0,38.29
86,7,26.43,38.29
87,0,0.0,38.29
88,10,35.43,38.29
89,0,0.0,38.29
90,0,0.0,38.29
91,1,33.29,38.29
92,6,37.43,38.29
93,0,0.0,38.29
94,0,0.0,38.29
95,0,0.0,38.29
96,0,0.0,38.29
97,0,0.0,38.29
98,2,31.86,38.29
99,4,37.57,38.29
100,1,23.86,38.29
101,5,36.14,38.14
102,0,0.0,38.14
103,0,0.0,38.14
104,0,0.0,38.14
105,1,24.14,38.14
106,1,6.14,38.14
107,0,0.0,38.14
108,0,0.0,38.14
109,1,0.29,38.14
110,0,0.0,38.14
111,1,0.29,38.14
112,0,0.0,38.14
113,0,0.0,38.14
114,1,24.14,38.14
115,0,0.0,38.14
116,1,5.29,38.14
117,0,0.0,38.14
118,0,0.0,38.14
119,0,0.0,38.14
120,0,0.0,38.14
121,1,3.0,38.14
122,0,0.0,38.14
123,0,0.0,38.14
124,0,0.0,38.14
125,1,7.14,38.14
126,0,0.0,38.0
127,0,0.0,38.0
128,0,0.0,38.0
129,4,7.57,38.0
130,3,26.0,38.0
131,0,0.0,38.0
132,1,24.0,38.0
133,2,28.43,38.0
134,0,0.0,38.0
135,1,23.43,38.0
136,2,7.43,38.0
137,0,0.0,38.0
138,2,16.86,38.0
139,1,2.14,38.0
140,1,15.71,38.0
141,0,0.0,38.0
142,5,6.86,38.0
143,2,28.57,38.0
144,7,34.14,38.0
145,2,35.71,38.0
146,0,0.0,38.0
147,4,29.29,38.0
148,13,37.86,38.0
149,0,0.0,38.0
150,4,33.0,38.0
151,4,35.29,38.0
152,0,0.0,38.0
153,0,0.0,38.0
154,1,2.86,38.0
155,0,0.0,38.0
156,1,6.43,38.0
157,29,37.71,38.0
158,0,0.0,37.86
159,3,24.71,37.86
160,0,0.0,37.86
161,0,0.0,37.86
162,1,2.0,37.86
163,0,0.0,37.86
164,10,37.0,37.86
165,0,0.0,37.86
166,0,0.0,37.86
167,13,28.14,37.86
168,0,0.0,37.86
169,0,0.0,37.86
170,1,37.43,37.86
171,0,0.0,37.86
172,0,0.0,37.86
173,0,0.0,37.86
174,0,0.0,37.86
175,0,0.0,37.86
176,0,0.0,37.71
177,0,0.0,37.71
178,6,32.86,37.71
179,8,36.14,37.71
180,0,0.0,37.71
181,0,0.0,37.71
182,0,0.0,37.71
183,1,5.0,37.71
184,0,0.0,37.71
185,4,36.14,37.71
186,0,0.0,37.71
187,2,7.86,37.71
188,3,21.14,37.71
189,3,6.0,37.71
190,0,0.0,37.71
191,0,0.0,37.71
192,0,0.0,37.71
193,0,0.0,37.71
194,0,0.0,37.71
195,6,27.0,37.71
196,0,0.0,37.71
197,1,1.57,37.71
198,0,0.0,37.71
199,0,0.0,37.71
200,2,14.29,37.57
201,0,0.0,37.57
202,2,7.0,37.57
203,2,31.0,37.57
204,0,0.0,37.57
205,0,0.0,37.57
206,1,18.0,37.57
207,0,0.0,37.57
208,1,0.29,37.57
209,0,0.0,37.57
210,0,0.0,37.57
211,7,17.86,37.57
212,0,0.0,37.57
213,0,0.0,37.57
214,0,0.0,37.57
215,2,29.0,37.57
216,0,0.0,37.57
217,4,24.29,37.57
218,0,0.0,37.43
219,1,14.86,37.43
220,1,27.43,37.43
221,0,0.0,37.43
222,0,0.0,37.43
223,0,0.0,37.43
224,0,0.0,37.43
225,0,0.0,37.43
226,2,11.43,37.43
227,0,0.0,37.43
228,1,2.0,37.43
229,1,1.86,37.43
230,2,33.0,37.43
231,0,0.0,37.43
232,3,36.57,37.43
233,0,0.0,37.43
234,0,0.0,37.43
235,0,0.0,37.43
236,0,0.0,37.43
237,0,0.0,37.43
238,0,0.0,37.43
239,0,0.0,37.43
240,0,0.0,37.43
241,0,0.0,37.43
242,4,31.43,37.43
243,1,8.29,37.29
244,5,5.14,37.29
245,0,0.0,37.29
246,0,0.0,37.29
247,2,24.0,37.29
248,0,0.0,37.29
249,1,1.86,37.29
250,2,20.43,37.29
251,0,0.0,37.29
252,0,0.0,37.29
253,1,32.0,37.29
254,0,0.0,37.29
255,1,0.43,37.29
256,0,0.0,37.29
257,5,16.14,37.29
258,0,0.0,37.29
259,0,0.0,37.29
260,1,5.86,37.29
261,2,28.57,37.29
262,0,0.0,37.29
263,1,36.86,37.29
264,0,0.0,37.29
265,0,0.0,37.29
266,1,0.14,37.29
267,2,35.57,37.29
268,1,5.71,37.29
269,0,0.0,37.14
270,1,2.0,37.14
271,0,0.0,37.14
272,1,3.86,37.14
273,0,0.0,37.14
274,3,24.29,37.14
275,1,34.0,37.14
276,13,30.71,37.14
277,0,0.0,37.14
278,0,0.0,37.14
279,0,0.0,37.14
280,0,0.0,37.14
281,0,0.0,37.14
282,3,19.43,37.14
283,3,32.86,37.14
284,1,3.0,37.14
285,0,0.0,37.14
286,0,0.0,37.14
287,3,31.57,37.14
288,0,0.0,37.14
289,5,36.43,37.14
290,0,0.0,37.14
291,2,35.43,37.14
292,1,0.43,37.14
293,0,0.0,37.14
294,1,0.71,37.14
295,0,0.0,37.14
296,0,0.0,37.14
297,1,15.29,37.0
298,1,1.14,37.0
299,0,0.0,37.0
300,0,0.0,37.0
301,0,0.0,37.0
302,3,34.43,37.0
303,1,36.29,37.0
304,1,17.86,37.0
305,0,0.0,37.0
306,1,3.43,37.0
307,0,0.0,37.0
308,0,0.0,37.0
309,0,0.0,37.0
310,4,4.29,37.0
311,0,0.0,37.0
312,2,34.57,37.0
313,0,0.0,37.0
314,3,27.71,37.0
315,0,0.0,37.0
316,0,0.0,37.0
317,1,19.86,37.0
318,0,0.0,37.0
319,1,16.57,37.0
320,0,0.0,37.0
321,2,32.0,37.0
322,0,0.0,36.86
323,1,8.86,36.86
324,3,2.71,36.86
325,25,27.29,36.86
326,0,0.0,36.86
327,0,0.0,36.86
328,0,0.0,36.86
329,0,0.0,36.86
330,5,22.57,36.86
331,0,0.0,36.86
332,2,14.14,36.86
333,0,0.0,36.86
334,0,0.0,36.86
335,0,0.0,36.86
336,5,36.0,36.86
337,0,0.0,36.86
338,0,0.0,36.86
339,1,22.43,36.86
340,0,0.0,36.86
341,0,0.0,36.86
342,0,0.0,36.86
343,0,0.0,36.86
344,2,22.57,36.71
345,0,0.0,36.71
346,0,0.0,36.71
347,0,0.0,36.71
348,1,22.57,36.71
349,0,0.0,36.71
350,2,22.57,36.71
351,1,9.57,36.71
352,0,0.0,36.71
353,0,0.0,36.71
354,0,0.0,36.71
355,0,0.0,36.71
356,0,0.0,36.71
357,1,2.57,36.71
358,2,23.71,36.71
359,0,0.0,36.71
360,0,0.0,36.71
361,0,0.0,36.71
362,0,0.0,36.71
363,2,10.57,36.71
364,4,28.71,36.71
365,0,0.0,36.71
366,0,0.0,36.57
367,1,11.71,36.57
368,3,17.43,36.57
369,0,0.0,36.57
370,1,14.14,36.57
371,0,0.0,36.57
372,0,0.0,36.57
373,0,0.0,36.57
374,0,0.0,36.57
375,0,0.0,36.57
376,1,5.71,36.57
377,1,10.43,36.57
378,1,22.0,36.57
379,0,0.0,36.57
380,0,0.0,36.57
381,0,0.0,36.57
382,11,36.43,36.57
383,0,0.0,36.57
384,0,0.0,36.57
385,4,31.14,36.57
386,0,0.0,36.57
387,0,0.0,36.57
388,1,15.29,36.43
389,2,10.14,36.43
390,0,0.0,36.43
391,0,0.0,36.43
392,0,0.0,36.43
393,0,0.0,36.43
394,1,25.86,36.43
395,1,4.43,36.43
396,0,0.0,36.43
397,3,21.29,36.43
398,1,8.0,36.43
399,0,0.0,36.43
400,0,0.0,36.43
401,2,21.86,36.43
402,0,0.0,36.43
403,8,31.14,36.43
404,1,6.14,36.43
405,0,0.0,36.43
406,2,15.86,36.43
407,1,31.86,36.43
408,0,0.0,36.43
409,0,0.0,36.43
410,1,21.71,36.43
411,0,0.0,36.43
412,2,3.43,36.43
413,0,0.0,36.43
414,0,0.0,36.43
415,3,20.86,36.29
416,0,0.0,36.29
417,0,0.0,36.29
418,0,0.0,36.29
419,0,0.0,36.29
420,0,0.0,36.29
421,0,0.0,36.29
422,2,12.43,36.29
423,2,19.71,36.29
424,0,0.0,36.29
425,0,0.0,36.29
426,0,0.0,36.29
427,1,4.43,36.29
428,2,30.0,36.29
429,0,0.0,36.29
430,0,0.0,36.29
431,0,0.0,36.29
432,0,0.0,36.29
433,0,0.0,36.29
434,1,8.43,36.29
435,0,0.0,36.29
436,0,0.0,36.29
437,0,0.0,36.29
438,0,0.0,36.29
439,1,18.14,36.29
440,2,26.14,36.29
441,4,26.71,36.29
442,0,0.0,36.29
443,0,0.0,36.29
444,2,3.14,36.14
445,0,0.0,36.14
446,6,27.14,36.14
447,0,0.0,36.14
448,1,2.14,36.14
449,0,0.0,36.14
450,1,7.86,36.14
451,1,8.86,36.14
452,1,17.0,36.14
453,2,11.0,36.14
454,1,27.14,36.14
455,0,0.0,36.14
456,7,28.29,36.14
457,4,15.14,36.14
458,0,0.0,36.14
459,0,0.0,36.14
460,0,0.0,36.14
461,7,25.43,36.14
462,0,0.0,36.14
463,1,8.57,36.14
464,1,17.0,36.14
465,0,0.0,36.14
466,2,23.0,36.14
467,1,31.57,36.14
468,0,0.0,36.14
469,4,30.43,36.14
470,0,0.0,36.14
471,1,2.43,36.14
472,0,0.0,36.14
473,0,0.0,36.14
474,2,33.71,36.14
475,0,0.0,36.14
476,0,0.0,36.14
477,4,36.0,36.14
478,0,0.0,36.14
479,0,0.0,36.0
480,2,21.29,36.0
481,1,21.57,36.0
482,0,0.0,36.0
483,1,8.57,36.0
484,0,0.0,36.0
485,11,33.14,36.0
486,0,0.0,36.0
487,4,9.0,36.0
488,0,0.0,36.0
489,0,0.0,36.0
490,0,0.0,36.0
491,4,17.43,36.0
492,0,0.0,36.0
493,3,30.43,36.0
494,0,0.0,36.0
495,1,36.0,36.0
496,1,2.14,36.0
497,0,0.0,36.0
498,0,0.0,36.0
499,6,26.57,36.0
500,3,5.57,36.0
501,0,0.0,36.0
502,0,0.0,36.0
503,0,0.0,36.0
504,0,0.0,35.86
505,2,14.29,35.86
506,0,0.0,35.86
507,2,31.0,35.86
508,0,0.0,35.86
509,18,35.14,35.86
510,0,0.0,35.86
511,1,5.29,35.86
512,0,0.0,35.86
513,1,7.86,35.86
514,0,0.0,35.86
515,0,0.0,35.86
516,0,0.0,35.86
517,5,29.57,35.86
518,0,0.0,35.86
519,1,35.86,35.86
520,0,0.0,35.86
521,6,34.86,35.86
522,0,0.0,35.86
523,2,11.14,35.86
524,0,0.0,35.86
525,0,0.0,35.86
526,2,22.71,35.86
527,0,0.0,35.86
528,1,29.86,35.86
529,1,20.86,35.71
530,0,0.0,35.71
531,0,0.0,35.71
532,1,12.86,35.71
533,0,0.0,35.71
534,1,4.57,35.71
535,2,29.43,35.71
536,0,0.0,35.71
537,0,0.0,35.71
538,0,0.0,35.71
539,1,0.14,35.71
540,0,0.0,35.71
541,2,31.71,35.71
542,0,0.0,35.71
543,2,22.43,35.71
544,0,0.0,35.71
545,0,0.0,35.71
546,0,0.0,35.71
547,0,0.0,35.71
548,1,22.0,35.71
549,10,33.57,35.71
550,0,0.0,35.71
551,1,6.71,35.71
552,3,3.43,35.71
553,3,23.71,35.71
554,0,0.0,35.71
555,2,32.43,35.71
556,0,0.0,35.71
557,0,0.0,35.71
558,12,23.86,35.57
559,0,0.0,35.57
560,1,7.57,35.57
561,2,29.0,35.57
562,2,34.43,35.57
563,0,0.0,35.57
564,0,0.0,35.57
565,0,0.0,35.57
566,0,0.0,35.57
567,5,33.43,35.57
568,0,0.0,35.57
569,0,0.0,35.57
570,2,24.86,35.57
571,0,0.0,35.57
572,5,8.71,35.57
573,0,0.0,35.57
574,1,26.71,35.57
575,1,5.43,35.57
576,0,0.0,35.57
577,1,7.29,35.57
578,0,0.0,35.57
579,0,0.0,35.57
580,0,0.0,35.57
581,0,0.0,35.57
582,0,0.0,35.57
583,0,0.0,35.57
584,1,35.43,35.43
585,2,21.57,35.43
586,0,0.0,35.43
587,0,0.0,35.43
588,0,0.0,35.43
589,0,0.0,35.43
590,0,0.0,35.43
591,0,0.0,35.43
592,1,29.0,35.43
593,7,17.14,35.43
594,0,0.0,35.43
595,0,0.0,35.43
596,2,32.71,35.43
597,0,0.0,35.43
598,0,0.0,35.43
599,2,25.86,35.43
600,0,0.0,35.43
601,4,21.43,35.43
602,0,0.0,35.43
603,0,0.0,35.43
604,3,30.0,35.43
605,0,0.0,35.43
606,1,31.29,35.43
607,0,0.0,35.43
608,2,13.57,35.43
609,2,22.0,35.43
610,0,0.0,35.43
611,1,10.29,35.29
612,1,20.86,35.29
613,2,33.57,35.29
614,0,0.0,35.29
615,0,0.0,35.29
616,0,0.0,35.29
617,0,0.0,35.29
618,2,3.86,35.29
619,0,0.0,35.29
620,0,0.0,35.29
621,1,7.86,35.29
622,0,0.0,35.29
623,1,23.86,35.29
624,0,0.0,35.29
625,3,11.14,35.29
626,0,0.0,35.29
627,0,0.0,35.29
628,0,0.0,35.29
629,0,0.0,35.29
630,1,34.29,35.29
631,0,0.0,35.29
632,0,0.0,35.29
633,1,2.71,35.29
634,0,0.0,35.29
635,0,0.0,35.29
636,0,0.0,35.29
637,0,0.0,35.14
638,0,0.0,35.14
639,0,0.0,35.14
640,0,0.0,35.14
641,3,26.71,35.14
642,0,0.0,35.14
643,4,28.43,35.14
644,0,0.0,35.14
645,0,0.0,35.14
646,0,0.0,35.14
647,0,0.0,35.14
648,2,11.57,35.14
649,1,8.57,35.14
650,1,6.43,35.14
651,0,0.0,35.14
652,0,0.0,35.14
653,0,0.0,35.14
654,0,0.0,35.14
655,5,31.14,35.14
656,1,5.86,35.14
657,0,0.0,35.14
658,0,0.0,35.14
659,1,7.14,35.14
660,2,8.29,35.14
661,1,33.71,35.14
662,0,0.0,35.14
663,0,0.0,35.14
664,0,0.0,35.14
665,0,0.0,35.14
666,1,20.86,35.0
667,0,0.0,35.0
668,8,33.57,35.0
669,1,4.43,35.0
670,0,0.0,35.0
671,6,29.29,35.0
672,1,8.14,35.0
673,2,3.86,35.0
674,0,0.0,35.0
675,3,25.29,35.0
676,6,23.0,35.0
677,0,0.0,35.0
678,1,20.43,35.0
679,0,0.0,35.0
680,2,16.29,35.0
681,5,25.14,35.0
682,0,0.0,35.0
683,1,28.0,35.0
684,0,0.0,35.0
685,0,0.0,35.0
686,0,0.0,35.0
687,0,0.0,35.0
688,0,0.0,35.0
689,0,0.0,35.0
690,1,18.86,35.0
691,1,6.0,35.0
692,0,0.0,35.0
693,13,34.43,35.0
694,0,0.0,35.0
695,0,0.0,35.0
696,1,3.57,35.0
697,3,25.86,34.86
698,0,0.0,34.86
699,5,14.43,34.86
700,0,0.0,34.86
701,2,17.43,34.86
702,1,22.86,34.86
703,0,0.0,34.86
704,0,0.0,34.86
705,1,11.14,34.86
706,0,0.0,34.86
707,1,4.0,34.86
708,1,0.57,34.86
709,0,0.0,34.86
710,0,0.0,34.86
711,0,0.0,34.86
712,4,30.57,34.86
713,6,33.57,34.86
714,1,1.71,34.86
715,2,9.71,34.86
716,0,0.0,34.86
717,0,0.0,34.86
718,2,12.0,34.86
719,0,0.0,34.86
720,7,34.86,34.86
721,0,0.0,34.86
722,0,0.0,34.86
723,0,0.0,34.86
724,0,0.0,34.86
725,0,0.0,34.86
726,3,20.29,34.86
727,0,0.0,34.86
728,5,17.0,34.86
729,0,0.0,34.86
730,2,10.57,34.71
731,1,4.57,34.71
732,3,33.71,34.71
733,0,0.0,34.71
734,0,0.0,34.71
735,0,0.0,34.71
736,0,0.0,34.71
737,0,0.0,34.71
738,0,0.0,34.71
739,1,13.29,34.71
740,0,0.0,34.71
741,1,24.86,34.71
742,0,0.0,34.71
743,0,0.0,34.71
744,0,0.0,34.71
745,2,14.43,34.71
746,0,0.0,34.71
747,1,12.57,34.71
748,0,0.0,34.71
749,0,0.0,34.71
750,1,7.14,34.71
751,10,29.29,34.71
752,0,0.0,34.71
753,0,0.0,34.71
754,0,0.0,34.71
755,0,0.0,34.71
756,3,16.43,34.71
757,3,17.14,34.71
758,0,0.0,34.71
759,0,0.0,34.71
760,2,9.14,34.57
761,5,34.57,34.57
762,4,23.14,34.57
763,0,0.0,34.57
764,0,0.0,34.57
765,0,0.0,34.57
766,0,0.0,34.57
767,0,0.0,34.57
768,0,0.0,34.57
769,0,0.0,34.57
770,1,3.71,34.57
771,0,0.0,34.57
772,0,0.0,34.57
773,0,0.0,34.57
774,0,0.0,34.57
775,1,16.0,34.57
776,1,0.29,34.57
777,3,9.29,34.57
778,1,8.71,34.57
779,0,0.0,34.57
780,0,0.0,34.57
781,0,0.0,34.57
782,0,0.0,34.43
783,6,32.86,34.43
784,2,25.57,34.43
785,0,0.0,34.43
786,0,0.0,34.43
787,0,0.0,34.43
788,0,0.0,34.43
789,0,0.0,34.43
790,0,0.0,34.43
791,0,0.0,34.43
792,0,0.0,34.43
793,1,2.14,34.43
794,6,30.86,34.43
795,0,0.0,34.43
796,1,5.86,34.43
797,0,0.0,34.43
798,2,8.14,34.43
799,0,0.0,34.43
800,0,0.0,34.43
801,7,33.71,34.43
802,0,0.0,34.43
803,0,0.0,34.43
804,0,0.0,34.43
805,2,20.71,34.43
806,0,0.0,34.43
807,0,0.0,34.43
808,0,0.0,34.43
809,0,0.0,34.43
810,2,12.71,34.43
811,0,0.0,34.29
812,1,7.29,34.29
813,13,33.86,34.29
814,7,5.57,34.29
815,0,0.0,34.29
816,0,0.0,34.29
817,3,32.0,34.29
818,0,0.0,34.29
819,1,22.14,34.29
820,0,0.0,34.29
821,1,4.71,34.29
822,1,19.71,34.29
823,2,0.86,34.29
824,0,0.0,34.29
825,0,0.0,34.29
826,0,0.0,34.29
827,1,8.29,34.29
828,0,0.0,34.29
829,0,0.0,34.29
830,1,21.14,34.29
831,1,23.86,34.29
832,0,0.0,34.29
833,0,0.0,34.29
834,0,0.0,34.29
835,0,0.0,34.29
836,2,31.0,34.29
837,1,0.57,34.29
838,0,0.0,34.29
839,0,0.0,34.29
840,1,26.71,34.29
841,19,34.0,34.14
842,2,21.0,34.14
843,2,28.0,34.14
844,0,0.0,34.14
845,2,21.0,34.14
846,2,14.0,34.14
847,0,0.0,34.14
848,0,0.0,34.14
849,0,0.0,34.14
850,1,6.57,34.14
851,0,0.0,34.14
852,0,0.0,34.14
853,0,0.0,34.14
854,1,0.43,34.14
855,0,0.0,34.14
856,1,10.57,34.14
857,0,0.0,34.14
858,1,1.43,34.14
859,0,0.0,34.14
860,0,0.0,34.14
861,2,18.29,34.14
862,0,0.0,34.14
863,0,0.0,34.14
864,0,0.0,34.14
865,1,14.86,34.14
866,0,0.0,34.14
867,7,31.43,34.14
868,0,0.0,34.14
869,0,0.0,34.14
870,0,0.0,34.14
871,0,0.0,34.14
872,0,0.0,34.14
873,1,0.14,34.14
874,0,0.0,34.14
875,0,0.0,34.14
876,1,27.71,34.14
877,1,16.57,34.0
878,0,0.0,34.0
879,0,0.0,34.0
880,2,8.71,34.0
881,0,0.0,34.0
882,1,9.86,34.0
883,1,15.29,34.0
884,0,0.0,34.0
885,0,0.0,34.0
886,4,28.14,34.0
887,0,0.0,34.0
888,0,0.0,34.0
889,1,13.71,34.0
890,0,0.0,34.0
891,0,0.0,34.0
892,0,0.0,34.0
893,1,23.86,34.0
894,0,0.0,34.0
895,0,0.0,34.0
896,0,0.0,34.0
897,5,14.71,34.0
898,1,10.29,34.0
899,0,0.0,34.0
900,1,24.86,34.0
901,0,0.0,34.0
902,1,9.71,34.0
903,0,0.0,34.0
904,1,2.29,34.0
905,0,0.0,34.0
906,0,0.0,34.0
907,0,0.0,34.0
908,7,26.0,34.0
909,2,20.14,34.0
910,1,12.71,34.0
911,0,0.0,34.0
912,0,0.0,34.0
913,0,0.0,33.86
914,0,0.0,33.86
915,0,0.0,33.86
916,1,15.71,33.86
917,0,0.0,33.86
918,0,0.0,33.86
919,0,0.0,33.86
920,0,0.0,33.86
921,2,32.71,33.86
922,0,0.0,33.86
923,0,0.0,33.86
924,0,0.0,33.86
925,0,0.0,33.86
926,0,0.0,33.86
927,0,0.0,33.86
928,1,8.57,33.86
929,0,0.0,33.86
930,4,26.14,33.86
931,0,0.0,33.86
932,1,4.57,33.86
933,1,23.0,33.86
934,0,0.0,33.86
935,1,2.57,33.86
936,0,0.0,33.86
937,1,3.71,33.86
938,2,33.0,33.71
939,0,0.0,33.71
940,1,3.0,33.71
941,0,0.0,33.71
942,0,0.0,33.71
943,0,0.0,33.71
944,2,33.71,33.71
945,0,0.0,33.71
946,4,15.29,33.71
947,0,0.0,33.71
948,1,6.14,33.71
949,7,32.57,33.71
950,1,1.14,33.71
951,0,0.0,33.71
952,1,2.29,33.71
953,0,0.0,33.71
954,0,0.0,33.71
955,4,24.0,33.71
956,0,0.0,33.71
957,1,6.71,33.71
958,0,0.0,33.71
959,0,0.0,33.71
960,0,0.0,33.71
961,0,0.0,33.71
962,1,1.0,33.71
963,0,0.0,33.71
964,7,30.14,33.71
965,1,11.0,33.71
966,0,0.0,33.71
967,6,29.86,33.71
968,0,0.0,33.71
969,5,18.29,33.71
970,0,0.0,33.71
971,2,14.29,33.71
972,0,0.0,33.71
973,1,17.43,33.71
974,0,0.0,33.71
975,6,30.43,33.71
976,0,0.0,33.71
977,2,11.43,33.71
978,0,0.0,33.71
979,0,0.0,33.71
980,0,0.0,33.71
981,2,16.0,33.57
982,2,27.14,33.57
983,0,0.0,33.57
984,0,0.0,33.57
985,6,25.0,33.57
986,0,0.0,33.57
987,0,0.0,33.57
988,1,20.0,33.57
989,0,0.0,33.57
990,1,24.29,33.57
991,0,0.0,33.57
992,0,0.0,33.57
993,0,0.0,33.57
994,2,10.71,33.57
995,0,0.0,33.57
996,0,0.0,33.57
997,0,0.0,33.57
998,0,0.0,33.57
999,1,1.71,33.57
1000,4,24.43,33.57
1001,0,0.0,33.57
1002,0,0.0,33.57
1003,1,26.71,33.57
1004,0,0.0,33.57
1005,1,3.86,33.57
1006,0,0.0,33.57
1007,0,0.0,33.43
1008,1,1.43,33.43
1009,0,0.0,33.43
1010,5,21.14,33.43
1011,2,18.86,33.43
1012,0,0.0,33.43
1013,0,0.0,33.43
1014,0,0.0,33.43
1015,3,26.0,33.43
1016,0,0.0,33.43
1017,12,32.43,33.43
1018,1,9.14,33.43
1019,0,0.0,33.43
1020,0,0.0,33.43
1021,2,21.43,33.43
1022,0,0.0,33.43
1023,0,0.0,33.43
1024,0,0.0,33.43
1025,0,0.0,33.43
1026,0,0.0,33.43
1027,0,0.0,33.43
1028,0,0.0,33.43
1029,0,0.0,33.43
1030,0,0.0,33.43
1031,0,0.0,33.43
1032,0,0.0,33.43
1033,0,0.0,33.43
1034,0,0.0,33.43
1035,0,0.0,33.43
1036,0,0.0,33.43
1037,4,14.29,33.43
1038,1,23.14,33.29
1039,1,8.71,33.29
1040,0,0.0,33.29
1041,0,0.0,33.29
1042,3,18.0,33.29
1043,0,0.0,33.29
1044,1,33.29,33.29
1045,0,0.0,33.29
1046,1,0.57,33.29
1047,0,0.0,33.29
1048,0,0.0,33.29
1049,0,0.0,33.29
1050,0,0.0,33.29
1051,4,25.0,33.29
1052,0,0.0,33.29
1053,0,0.0,33.29
1054,2,19.14,33.29
1055,0,0.0,33.29
1056,5,32.29,33.29
1057,0,0.0,33.29
1058,3,24.57,33.29
1059,1,0.14,33.29
1060,0,0.0,33.29
1061,0,0.0,33.29
1062,3,13.14,33.29
1063,0,0.0,33.29
1064,0,0.0,33.29
1065,0,0.0,33.29
1066,0,0.0,33.29
1067,0,0.0,33.14
1068,0,0.0,33.14
1069,0,0.0,33.14
1070,0,0.0,33.14
1071,2,4.0,33.14
1072,0,0.0,33.14
1073,0,0.0,33.14
1074,0,0.0,33.14
1075,2,4.86,33.14
1076,3,19.29,33.14
1077,0,0.0,33.14
1078,0,0.0,33.14
1079,0,0.0,33.14
1080,0,0.0,33.14
1081,11,32.0,33.14
1082,0,0.0,33.14
1083,0,0.0,33.14
1084,2,2.29,33.14
1085,0,0.0,33.14
1086,1,19.0,33.14
1087,0,0.0,33.14
1088,7,28.71,33.14
1089,0,0.0,33.14
1090,0,0.0,33.14
1091,1,19.0,33.14
1092,0,0.0,33.14
1093,3,12.0,33.14
1094,0,0.0,33.14
1095,2,28.0,33.14
1096,0,0.0,33.14
1097,1,2.0,33.14
1098,0,0.0,33.14
1099,4,25.0,33.14
1100,2,15.29,33.0
1101,2,6.0,33.0
1102,1,18.29,33.0
1103,0,0.0,33.0
1104,0,0.0,33.0
1105,0,0.0,33.0
1106,0,0.0,33.0
1107,0,0.0,33.0
1108,1,8.57,33.0
1109,3,30.29,33.0
1110,0,0.0,33.0
1111,0,0.0,33.0
1112,1,18.43,33.0
1113,1,0.86,33.0
1114,6,18.43,33.0
1115,0,0.0,33.0
1116,0,0.0,33.0
1117,4,29.0,33.0
1118,0,0.0,33.0
1119,0,0.0,33.0
1120,1,1.29,33.0
1121,0,0.0,33.0
1122,2,9.86,33.0
1123,0,0.0,33.0
1124,1,2.43,33.0
1125,3,9.71,33.0
1126,7,30.43,33.0
1127,2,15.0,33.0
1128,0,0.0,33.0
1129,5,32.14,33.0
1130,0,0.0,33.0
1131,0,0.0,33.0
1132,0,0.0,33.0
1133,0,0.0,32.86
1134,5,32.43,32.86
1135,0,0.0,32.86
1136,12,17.71,32.86
1137,1,18.43,32.86
1138,0,0.0,32.86
1139,1,18.86,32.86
1140,0,0.0,32.86
1141,1,0.71,32.86
1142,0,0.0,32.86
1143,0,0.0,32.86
1144,0,0.0,32.86
1145,0,0.0,32.86
1146,3,8.57,32.86
1147,0,0.0,32.86
1148,0,0.0,32.86
1149,0,0.0,32.86
1150,0,0.0,32.86
1151,0,0.0,32.86
1152,1,12.14,32.86
1153,0,0.0,32.86
1154,1,0.57,32.86
1155,0,0.0,32.86
1156,0,0.0,32.86
1157,0,0.0,32.86
1158,0,0.0,32.71
1159,0,0.0,32.71
1160,4,31.43,32.71
1161,0,0.0,32.71
1162,0,0.0,32.71
1163,0,0.0,32.71
1164,2,15.43,32.71
1165,0,0.0,32.71
1166,4,1.29,32.71
1167,0,0.0,32.71
1168,1,0.71,32.71
1169,0,0.0,32.71
1170,1,2.71,32.71
1171,0,0.0,32.71
1172,3,6.0,32.71
1173,0,0.0,32.71
1174,0,0.0,32.71
1175,0,0.0,32.71
1176,0,0.0,32.71
1177,0,0.0,32.71
1178,1,8.86,32.71
1179,0,0.0,32.71
1180,0,0.0,32.71
1181,3,28.43,32.71
1182,0,0.0,32.71
1183,3,20.57,32.57
1184,4,20.71,32.57
1185,1,30.14,32.57
1186,0,0.0,32.57
1187,2,32.57,32.57
1188,1,3.57,32.57
1189,2,31.71,32.57
1190,1,0.86,32.57
1191,0,0.0,32.57
1192,0,0.0,32.57
1193,2,1.14,32.57
1194,1,1.57,32.57
1195,0,0.0,32.57
1196,0,0.0,32.57
1197,0,0.0,32.57
1198,1,0.57,32.57
1199,7,15.0,32.57
1200,0,0.0,32.57
1201,6,26.71,32.57
1202,0,0.0,32.57
1203,6,29.57,32.57
1204,0,0.0,32.57
1205,0,0.0,32.57
1206,0,0.0,32.57
1207,1,0.29,32.57
1208,0,0.0,32.43
1209,0,0.0,32.43
1210,0,0.0,32.43
1211,0,0.0,32.43
1212,0,0.0,32.43
1213,0,0.0,32.43
1214,0,0.0,32.43
1215,0,0.0,32.43
1216,0,0.0,32.43
1217,1,6.14,32.43
1218,0,0.0,32.43
1219,0,0.0,32.43
1220,1,3.71,32.43
1221,0,0.0,32.43
1222,0,0.0,32.43
1223,0,0.0,32.43
1224,0,0.0,32.43
1225,0,0.0,32.43
1226,0,0.0,32.43
1227,3,28.14,32.43
1228,0,0.0,32.43
1229,0,0.0,32.43
1230,3,25.86,32.29
1231,0,0.0,32.29
1232,3,27.57,32.29
1233,0,0.0,32.29
1234,8,23.0,32.29
1235,0,0.0,32.29
1236,1,0.86,32.29
1237,0,0.0,32.29
1238,0,0.0,32.29
1239,2,13.14,32.29
1240,0,0.0,32.29
1241,0,0.0,32.29
1242,11,30.86,32.29
1243,0,0.0,32.29
1244,1,1.29,32.29
1245,8,32.29,32.29
1246,0,0.0,32.29
1247,1,3.57,32.29
1248,0,0.0,32.29
1249,1,7.86,32.29
1250,0,0.0,32.29
1251,0,0.0,32.29
1252,3,23.43,32.29
1253,0,0.0,32.29
1254,0,0.0,32.29
1255,0,0.0,32.29
1256,0,0.0,32.29
1257,0,0.0,32.29
1258,3,14.29,32.29
1259,1,2.86,32.29
1260,0,0.0,32.29
1261,1,19.86,32.29
1262,6,25.0,32.29
1263,0,0.0,32.29
1264,2,21.43,32.29
1265,1,18.57,32.14
1266,1,0.14,32.14
1267,0,0.0,32.14
1268,1,2.86,32.14
1269,1,0.71,32.14
1270,0,0.0,32.14
1271,3,11.86,32.14
1272,2,18.71,32.14
1273,0,0.0,32.14
1274,0,0.0,32.14
1275,0,0.0,32.14
1276,2,2.43,32.14
1277,1,7.29,32.14
1278,1,15.86,32.14
1279,0,0.0,32.14
1280,0,0.0,32.14
1281,0,0.0,32.14
1282,0,0.0,32.14
1283,3,1.43,32.14
1284,2,8.29,32.14
1285,0,0.0,32.14
1286,3,19.14,32.14
1287,0,0.0,32.14
1288,0,0.0,32.14
1289,1,6.29,32.14
1290,4,24.71,32.14
1291,0,0.0,32.14
1292,6,30.71,32.14
1293,0,0.0,32.14
1294,1,5.86,32.14
1295,1,30.14,32.14
1296,4,27.71,32.14
1297,0,0.0,32.14
1298,2,27.14,32.14
1299,0,0.0,32.14
1300,4,31.57,32.14
1301,0,0.0,32.0
1302,0,0.0,32.0
1303,0,0.0,32.0
1304,0,0.0,32.0
1305,2,21.57,32.0
1306,0,0.0,32.0
1307,1,29.71,32.0
1308,0,0.0,32.0
1309,1,18.0,32.0
1310,2,8.0,32.0
1311,0,0.0,32.0
1312,0,0.0,32.0
1313,1,10.14,32.0
1314,0,0.0,32.0
1315,0,0.0,32.0
1316,2,11.86,32.0
1317,1,9.14,32.0
1318,0,0.0,32.0
1319,0,0.0,32.0
1320,3,6.29,32.0
1321,0,0.0,32.0
1322,0,0.0,32.0
1323,0,0.0,32.0
1324,0,0.0,32.0
1325,0,0.0,32.0
1326,0,0.0,32.0
1327,1,19.0,32.0
1328,1,29.29,32.0
1329,3,23.71,32.0
1330,2,27.14,32.0
1331,0,0.0,32.0
1332,0,0.0,32.0
1333,0,0.0,32.0
1334,1,4.57,32.0
1335,0,0.0,31.86
1336,0,0.0,31.86
1337,0,0.0,31.86
1338,4,29.14,31.86
1339,0,0.0,31.86
1340,1,1.57,31.86
1341,3,3.29,31.86
1342,0,0.0,31.86
1343,0,0.0,31.86
1344,0,0.0,31.86
1345,0,0.0,31.86
1346,0,0.0,31.86
1347,0,0.0,31.86
1348,3,30.71,31.86
1349,1,23.71,31.86
1350,0,0.0,31.86
1351,1,1.0,31.86
1352,1,30.57,31.86
1353,2,11.14,31.86
1354,0,0.0,31.86
1355,2,24.29,31.86
1356,0,0.0,31.86
1357,0,0.0,31.86
1358,0,0.0,31.86
1359,3,25.71,31.86
1360,0,0.0,31.86
1361,1,30.57,31.86
1362,0,0.0,31.86
1363,1,19.29,31.86
1364,0,0.0,31.86
1365,9,30.57,31.71
1366,0,0.0,31.71
1367,0,0.0,31.71
1368,4,8.43,31.71
1369,0,0.0,31.71
1370,2,23.43,31.71
1371,0,0.0,31.71
1372,5,26.0,31.71
1373,0,0.0,31.71
1374,0,0.0,31.71
1375,1,5.29,31.71
1376,0,0.0,31.71
1377,0,0.0,31.71
1378,1,23.0,31.71
1379,0,0.0,31.71
1380,0,0.0,31.71
1381,2,11.71,31.71
1382,0,0.0,31.71
1383,0,0.0,31.71
1384,0,0.0,31.71
1385,0,0.0,31.71
1386,0,0.0,31.71
1387,4,30.29,31.71
1388,1,5.0,31.71
1389,0,0.0,31.71
1390,0,0.0,31.57
1391,1,1.0,31.57
1392,5,22.86,31.57
1393,0,0.0,31.57
1394,0,0.0,31.57
1395,0,0.0,31.57
1396,1,7.57,31.57
1397,0,0.0,31.57
1398,1,11.14,31.57
1399,0,0.0,31.57
1400,1,8.0,31.57
1401,0,0.0,31.57
1402,1,6.57,31.57
1403,0,0.0,31.57
1404,0,0.0,31.57
1405,0,0.0,31.57
1406,0,0.0,31.57
1407,1,0.86,31.57
1408,3,28.14,31.57
1409,0,0.0,31.57
1410,0,0.0,31.57
1411,2,14.0,31.57
1412,0,0.0,31.57
1413,14,30.29,31.57
1414,4,16.86,31.57
1415,0,0.0,31.43
1416,0,0.0,31.43
1417,0,0.0,31.43
1418,0,0.0,31.43
1419,0,0.0,31.43
1420,0,0.0,31.43
1421,2,30.14,31.43
1422,0,0.0,31.43
1423,0,0.0,31.43
1424,2,24.71,31.43
1425,0,0.0,31.43
1426,3,18.71,31.43
1427,0,0.0,31.43
1428,2,6.29,31.43
1429,0,0.0,31.43
1430,0,0.0,31.43
1431,1,1.43,31.43
1432,1,27.43,31.43
1433,6,19.57,31.43
1434,1,26.14,31.43
1435,6,18.14,31.43
1436,0,0.0,31.43
1437,1,2.71,31.43
1438,2,7.43,31.43
1439,0,0.0,31.43
1440,0,0.0,31.43
1441,2,22.57,31.43
1442,1,22.57,31.43
1443,0,0.0,31.43
1444,2,21.43,31.43
1445,1,31.14,31.43
1446,0,0.0,31.43
1447,1,9.57,31.29
1448,0,0.0,31.29
1449,2,21.0,31.29
1450,0,0.0,31.29
1451,0,0.0,31.29
1452,3,17.43,31.29
1453,0,0.0,31.29
1454,0,0.0,31.29
1455,0,0.0,31.29
1456,0,0.0,31.29
1457,0,0.0,31.29
1458,0,0.0,31.29
1459,0,0.0,31.29
1460,4,13.14,31.29
1461,0,0.0,31.29
1462,4,20.14,31.29
1463,0,0.0,31.29
1464,1,6.0,31.29
1465,0,0.0,31.29
1466,0,0.0,31.29
1467,5,29.14,31.29
1468,0,0.0,31.29
1469,2,26.86,31.29
1470,0,0.0,31.29
1471,1,17.14,31.14
1472,0,0.0,31.14
1473,5,26.86,31.14
1474,0,0.0,31.14
1475,1,2.29,31.14
1476,2,26.29,31.14
1477,0,0.0,31.14
1478,2,12.29,31.14
1479,2,19.14,31.14
1480,0,0.0,31.14
1481,0,0.0,31.14
1482,1,16.71,31.14
1483,0,0.0,31.14
1484,0,0.0,31.14
1485,0,0.0,31.14
1486,0,0.0,31.14
1487,0,0.0,31.14
1488,0,0.0,31.14
1489,1,26.14,31.14
1490,2,5.0,31.14
1491,0,0.0,31.14
1492,0,0.0,31.14
1493,0,0.0,31.14
1494,0,0.0,31.14
1495,3,22.14,31.14
1496,0,0.0,31.14
1497,4,22.0,31.14
1498,0,0.0,31.14
1499,1,2.0,31.14
1500,0,0.0,31.14
1501,0,0.0,31.14
1502,3,25.86,31.14
1503,1,3.14,31.14
1504,0,0.0,31.14
1505,2,25.14,31.14
1506,0,0.0,31.14
1507,2,4.0,31.14
1508,1,10.43,31.0
1509,0,0.0,31.0
1510,0,0.0,31.0
1511,0,0.0,31.0
1512,4,19.0,31.0
1513,0,0.0,31.0
1514,0,0.0,31.0
1515,0,0.0,31.0
1516,26,30.86,31.0
1517,1,30.57,31.0
1518,6,26.14,31.0
1519,0,0.0,31.0
1520,0,0.0,31.0
1521,1,8.29,31.0
1522,0,0.0,31.0
1523,0,0.0,31.0
1524,0,0.0,31.0
1525,2,30.57,31.0
1526,0,0.0,31.0
1527,0,0.0,31.0
1528,0,0.0,31.0
1529,2,1.57,31.0
1530,0,0.0,31.0
1531,0,0.0,31.0
1532,1,17.43,31.0
1533,2,19.71,31.0
1534,0,0.0,31.0
1535,1,29.29,31.0
1536,0,0.0,31.0
1537,0,0.0,31.0
1538,0,0.0,31.0
1539,14,29.86,30.86
1540,0,0.0,30.86
1541,1,2.71,30.86
1542,0,0.0,30.86
1543,2,5.14,30.86
1544,4,25.43,30.86
1545,0,0.0,30.86
1546,1,2.71,30.86
1547,6,29.29,30.86
1548,0,0.0,30.86
1549,0,0.0,30.86
1550,1,0.14,30.86
1551,3,26.0,30.86
1552,1,2.14,30.86
1553,0,0.0,30.86
1554,0,0.0,30.86
1555,0,0.0,30.86
1556,0,0.0,30.86
1557,1,16.29,30.86
1558,1,2.29,30.86
1559,0,0.0,30.86
1560,8,28.71,30.86
1561,0,0.0,30.86
1562,0,0.0,30.86
1563,0,0.0,30.86
1564,0,0.0,30.86
1565,0,0.0,30.86
1566,0,0.0,30.86
1567,3,25.86,30.86
1568,0,0.0,30.86
1569,1,5.43,30.86
1570,0,0.0,30.86
1571,0,0.0,30.86
1572,3,30.29,30.86
1573,0,0.0,30.86
1574,1,1.14,30.86
1575,1,10.71,30.71
1576,1,3.0,30.71
1577,1,22.0,30.71
1578,0,0.0,30.71
1579,1,3.86,30.71
1580,9,12.0,30.71
1581,0,0.0,30.71
1582,0,0.0,30.71
1583,3,26.43,30.71
1584,0,0.0,30.71
1585,0,0.0,30.71
1586,0,0.0,30.71
1587,0,0.0,30.71
1588,1,7.57,30.71
1589,0,0.0,30.71
1590,0,0.0,30.71
1591,0,0.0,30.71
1592,0,0.0,30.71
1593,1,2.0,30.71
1594,0,0.0,30.71
1595,2,4.0,30.71
1596,0,0.0,30.71
1597,4,20.29,30.71
1598,1,25.0,30.71
1599,0,0.0,30.71
1600,0,0.0,30.71
1601,0,0.0,30.71
1602,0,0.0,30.71
1603,0,0.0,30.71
1604,0,0.0,30.71
1605,2,21.43,30.71
1606,0,0.0,30.71
1607,1,24.71,30.71
1608,1,30.29,30.71
1609,1,14.71,30.57
1610,0,0.0,30.57
1611,3,17.57,30.57
1612,2,6.0,30.57
1613,0,0.0,30.57
1614,2,27.71,30.57
1615,5,28.43,30.57
1616,0,0.0,30.57
1617,1,16.57,30.57
1618,0,0.0,30.57
1619,0,0.0,30.57
1620,1,1.71,30.57
1621,1,25.86,30.57
1622,0,0.0,30.57
1623,0,0.0,30.57
1624,0,0.0,30.57
1625,0,0.0,30.57
1626,1,3.29,30.57
1627,0,0.0,30.57
1628,5,25.86,30.57
1629,1,28.14,30.57
1630,0,0.0,30.57
1631,1,5.71,30.57
1632,0,0.0,30.57
1633,4,26.71,30.57
1634,0,0.0,30.57
1635,0,0.0,30.57
1636,0,0.0,30.57
1637,0,0.0,30.57
1638,0,0.0,30.57
1639,4,21.71,30.43
1640,3,12.71,30.43
1641,0,0.0,30.43
1642,0,0.0,30.43
1643,0,0.0,30.43
1644,1,17.29,30.43
1645,0,0.0,30.43
1646,1,3.29,30.43
1647,0,0.0,30.43
1648,2,8.86,30.43
1649,0,0.0,30.43
1650,0,0.0,30.43
1651,0,0.0,30.43
1652,2,24.43,30.43
1653,4,20.86,30.43
1654,0,0.0,30.43
1655,0,0.0,30.43
1656,0,0.0,30.43
1657,0,0.0,30.43
1658,2,19.57,30.43
1659,0,0.0,30.43
1660,0,0.0,30.43
1661,0,0.0,30.43
1662,1,16.86,30.43
1663,0,0.0,30.43
1664,1,6.0,30.43
1665,1,4.29,30.29
1666,0,0.0,30.29
1667,0,0.0,30.29
1668,3,16.86,30.29
1669,3,30.29,30.29
1670,0,0.0,30.29
1671,2,25.71,30.29
1672,0,0.0,30.29
1673,1,21.14,30.29
1674,0,0.0,30.29
1675,1,24.57,30.29
1676,0,0.0,30.29
1677,0,0.0,30.29
1678,0,0.0,30.29
1679,5,28.29,30.29
1680,1,8.29,30.29
1681,3,18.29,30.29
1682,0,0.0,30.29
1683,2,19.43,30.29
1684,1,1.86,30.29
1685,0,0.0,30.29
1686,1,10.14,30.29
1687,0,0.0,30.29
1688,0,0.0,30.29
1689,0,0.0,30.29
1690,1,22.0,30.29
1691,0,0.0,30.29
1692,2,3.86,30.29
1693,0,0.0,30.29
1694,0,0.0,30.29
1695,0,0.0,30.29
1696,2,17.71,30.14
1697,3,20.86,30.14
1698,0,0.0,30.14
1699,0,0.0,30.14
1700,5,30.0,30.14
1701,0,0.0,30.14
1702,2,2.0,30.14
1703,0,0.0,30.14
1704,0,0.0,30.14
1705,0,0.0,30.14
1706,0,0.0,30.14
1707,0,0.0,30.14
1708,1,1.29,30.14
1709,1,16.14,30.14
1710,0,0.0,30.14
1711,0,0.0,30.14
1712,9,28.57,30.14
1713,2,8.86,30.14
1714,0,0.0,30.14
1715,1,6.29,30.14
1716,1,2.14,30.14
1717,0,0.0,30.14
1718,0,0.0,30.14
1719,0,0.0,30.14
1720,1,21.86,30.14
1721,1,21.86,30.14
1722,0,0.0,30.14
1723,0,0.0,30.14
1724,0,0.0,30.14
1725,0,0.0,30.14
1726,0,0.0,30.0
1727,0,0.0,30.0
1728,2,5.43,30.0
1729,0,0.0,30.0
1730,0,0.0,30.0
1731,0,0.0,30.0
1732,0,0.0,30.0
1733,3,29.71,30.0
1734,0,0.0,30.0
1735,0,0.0,30.0
1736,0,0.0,30.0
1737,1,20.86,30.0
1738,0,0.0,30.0
1739,0,0.0,30.0
1740,0,0.0,30.0
1741,0,0.0,30.0
1742,2,25.14,30.0
1743,0,0.0,30.0
1744,4,25.14,30.0
1745,0,0.0,30.0
1746,4,28.43,30.0
1747,3,24.43,30.0
1748,0,0.0,30.0
1749,3,16.0,30.0
1750,2,15.71,30.0
1751,0,0.0,30.0
1752,0,0.0,30.0
1753,0,0.0,30.0
1754,0,0.0,30.0
1755,0,0.0,30.0
1756,4,7.57,30.0
1757,0,0.0,30.0
1758,0,0.0,29.86
1759,0,0.0,29.86
1760,5,26.57,29.86
1761,3,6.29,29.86
1762,2,15.29,29.86
1763,2,28.71,29.86
1764,0,0.0,29.86
1765,0,0.0,29.86
1766,3,24.71,29.86
1767,2,16.86,29.86
1768,4,26.57,29.86
1769,0,0.0,29.86
1770,7,28.0,29.86
1771,1,21.57,29.86
1772,2,20.71,29.86
1773,0,0.0,29.86
1774,2,8.14,29.86
1775,2,15.29,29.86
1776,0,0.0,29.86
1777,3,2.43,29.86
1778,0,0.0,29.86
1779,0,0.0,29.86
1780,0,0.0,29.86
1781,1,24.57,29.86
1782,0,0.0,29.86
1783,1,14.0,29.86
1784,0,0.0,29.86
1785,0,0.0,29.86
1786,3,12.71,29.86
1787,0,0.0,29.86
1788,0,0.0,29.86
1789,1,2.86,29.86
1790,6,26.43,29.86
1791,0,0.0,29.86
1792,1,17.57,29.86
1793,0,0.0,29.86
1794,2,24.86,29.86
1795,3,5.71,29.86
1796,0,0.0,29.86
1797,0,0.0,29.86
1798,3,9.71,29.71
1799,0,0.0,29.71
1800,1,20.14,29.71
1801,0,0.0,29.71
1802,0,0.0,29.71
1803,0,0.0,29.71
1804,0,0.0,29.71
1805,0,0.0,29.71
1806,0,0.0,29.71
1807,0,0.0,29.71
1808,5,29.57,29.71
1809,0,0.0,29.71
1810,0,0.0,29.71
1811,0,0.0,29.71
1812,1,21.14,29.71
1813,0,0.0,29.71
1814,0,0.0,29.71
1815,0,0.0,29.71
1816,0,0.0,29.71
1817,0,0.0,29.71
1818,0,0.0,29.71
1819,0,0.0,29.71
1820,9,23.43,29.71
1821,4,28.14,29.71
1822,2,27.57,29.71
1823,0,0.0,29.71
1824,0,0.0,29.71
1825,1,5.0,29.71
1826,4,8.0,29.71
1827,1,20.86,29.57
1828,0,0.0,29.57
1829,1,1.0,29.57
1830,0,0.0,29.57
1831,1,20.86,29.57
1832,0,0.0,29.57
1833,0,0.0,29.57
1834,1,19.71,29.57
1835,0,0.0,29.57
1836,1,0.71,29.57
1837,0,0.0,29.57
1838,0,0.0,29.57
1839,0,0.0,29.57
1840,1,1.71,29.57
1841,0,0.0,29.57
1842,1,14.29,29.57
1843,5,29.43,29.57
1844,0,0.0,29.57
1845,1,25.0,29.57
1846,0,0.0,29.57
1847,0,0.0,29.57
1848,0,0.0,29.57
1849,1,27.0,29.57
1850,0,0.0,29.57
1851,1,9.71,29.57
1852,0,0.0,29.57
1853,1,2.0,29.57
1854,0,0.0,29.57
1855,1,1.57,29.57
1856,1,26.29,29.43
1857,0,0.0,29.43
1858,0,0.0,29.43
1859,0,0.0,29.43
1860,7,28.57,29.43
1861,0,0.0,29.43
1862,0,0.0,29.43
1863,1,28.57,29.43
1864,0,0.0,29.43
1865,1,24.0,29.43
1866,0,0.0,29.43
1867,0,0.0,29.43
1868,0,0.0,29.43
1869,0,0.0,29.43
1870,0,0.0,29.43
1871,0,0.0,29.43
1872,1,2.43,29.43
1873,1,9.57,29.43
1874,0,0.0,29.43
1875,0,0.0,29.43
1876,1,24.14,29.43
1877,0,0.0,29.43
1878,2,10.71,29.43
1879,0,0.0,29.43
1880,0,0.0,29.43
1881,0,0.0,29.43
1882,1,11.43,29.43
1883,0,0.0,29.43
1884,0,0.0,29.29
1885,0,0.0,29.29
1886,1,16.29,29.29
1887,15,23.86,29.29
1888,0,0.0,29.29
1889,1,16.29,29.29
1890,0,0.0,29.29
1891,2,20.57,29.29
1892,0,0.0,29.29
1893,0,0.0,29.29
1894,3,22.57,29.29
1895,0,0.0,29.29
1896,0,0.0,29.29
1897,0,0.0,29.29
1898,0,0.0,29.29
1899,1,12.14,29.29
1900,0,0.0,29.29
1901,21,4.71,29.29
1902,2,20.43,29.29
1903,0,0.0,29.29
1904,0,0.0,29.29
1905,0,0.0,29.29
1906,3,19.86,29.29
1907,0,0.0,29.29
1908,0,0.0,29.29
1909,3,16.14,29.29
1910,2,20.57,29.29
1911,1,2.14,29.29
1912,0,0.0,29.29
1913,0,0.0,29.29
1914,1,0.43,29.29
1915,1,17.14,29.14
1916,1,3.29,29.14
1917,0,0.0,29.14
1918,0,0.0,29.14
1919,1,25.14,29.14
1920,2,18.29,29.14
1921,2,3.71,29.14
1922,1,5.14,29.14
1923,0,0.0,29.14
1924,0,0.0,29.14
1925,4,28.57,29.14
1926,0,0.0,29.14
1927,0,0.0,29.14
1928,0,0.0,29.14
1929,2,27.86,29.14
1930,0,0.0,29.14
1931,0,0.0,29.14
1932,1,22.71,29.14
1933,0,0.0,29.14
1934,1,19.14,29.14
1935,1,11.14,29.14
1936,0,0.0,29.14
1937,0,0.0,29.14
1938,0,0.0,29.14
1939,2,27.71,29.14
1940,0,0.0,29.14
1941,0,0.0,29.14
1942,0,0.0,29.14
1943,2,20.14,29.14
1944,0,0.0,29.14
1945,0,0.0,29.0
1946,2,4.0,29.0
1947,0,0.0,29.0
1948,0,0.0,29.0
1949,0,0.0,29.0
1950,1,15.14,29.0
1951,0,0.0,29.0
1952,0,0.0,29.0
1953,6,21.29,29.0
1954,0,0.0,29.0
1955,11,23.29,29.0
1956,0,0.0,29.0
1957,0,0.0,29.0
1958,1,3.86,29.0
1959,1,1.57,29.0
1960,0,0.0,29.0
1961,1,28.0,29.0
1962,1,18.29,29.0
1963,2,10.86,29.0
1964,2,25.43,29.0
1965,0,0.0,29.0
1966,3,1.43,29.0
1967,0,0.0,29.0
1968,0,0.0,29.0
1969,0,0.0,29.0
1970,0,0.0,29.0
1971,0,0.0,29.0
1972,0,0.0,29.0
1973,0,0.0,29.0
1974,0,0.0,29.0
1975,1,8.86,28.86
1976,0,0.0,28.86
1977,0,0.0,28.86
1978,0,0.0,28.86
1979,0,0.0,28.86
1980,1,1.71,28.86
1981,17,28.43,28.86
1982,2,23.71,28.86
1983,2,11.86,28.86
1984,0,0.0,28.86
1985,2,3.0,28.86
1986,0,0.0,28.86
1987,2,21.29,28.86
1988,0,0.0,28.86
1989,0,0.0,28.86
1990,0,0.0,28.86
1991,0,0.0,28.86
1992,1,16.71,28.86
1993,0,0.0,28.86
1994,0,0.0,28.86
1995,0,0.0,28.86
1996,0,0.0,28.86
1997,0,0.0,28.86
1998,0,0.0,28.86
1999,0,0.0,28.86
2000,0,0.0,28.86
2001,0,0.0,28.71
2002,0,0.0,28.71
2003,0,0.0,28.71
2004,0,0.0,28.71
2005,3,15.86,28.71
2006,0,0.0,28.71
2007,1,22.71,28.71
2008,0,0.0,28.71
2009,0,0.0,28.71
2010,1,15.14,28.71
2011,0,0.0,28.71
2012,2,8.43,28.71
2013,0,0.0,28.71
2014,0,0.0,28.71
2015,0,0.0,28.71
2016,0,0.0,28.71
2017,1,15.57,28.71
2018,0,0.0,28.71
2019,0,0.0,28.71
2020,0,0.0,28.71
2021,0,0.0,28.71
2022,1,13.0,28.71
2023,0,0.0,28.71
2024,7,24.29,28.71
2025,0,0.0,28.71
2026,0,0.0,28.71
2027,1,8.71,28.71
2028,0,0.0,28.71
2029,0,0.0,28.57
2030,3,15.14,28.57
2031,0,0.0,28.57
2032,0,0.0,28.57
2033,2,25.29,28.57
2034,4,21.71,28.57
2035,0,0.0,28.57
2036,1,2.29,28.57
2037,0,0.0,28.57
2038,0,0.0,28.57
2039,0,0.0,28.57
2040,0,0.0,28.57
2041,2,9.57,28.57
2042,1,2.14,28.57
2043,0,0.0,28.57
2044,4,25.14,28.57
2045,2,5.71,28.57
2046,0,0.0,28.57
2047,0,0.0,28.57
2048,1,14.86,28.57
2049,3,15.0,28.57
2050,0,0.0,28.57
2051,0,0.0,28.57
2052,1,11.0,28.57
2053,0,0.0,28.57
2054,0,0.0,28.57
2055,1,13.14,28.57
2056,0,0.0,28.57
2057,1,8.43,28.57
2058,1,25.43,28.57
2059,0,0.0,28.57
2060,0,0.0,28.57
2061,0,0.0,28.43
2062,0,0.0,28.43
2063,0,0.0,28.43
2064,0,0.0,28.43
2065,0,0.0,28.43
2066,0,0.0,28.43
2067,0,0.0,28.43
2068,2,27.71,28.43
2069,3,27.71,28.43
2070,0,0.0,28.43
2071,1,13.86,28.43
2072,0,0.0,28.43
2073,1,4.14,28.43
2074,1,21.14,28.43
2075,3,7.29,28.43
2076,3,27.71,28.43
2077,0,0.0,28.43
2078,0,0.0,28.43
2079,0,0.0,28.43
2080,0,0.0,28.43
2081,1,1.43,28.43
2082,0,0.0,28.43
2083,2,8.43,28.43
2084,0,0.0,28.43
2085,1,0.86,28.43
2086,0,0.0,28.29
2087,0,0.0,28.29
2088,0,0.0,28.29
2089,1,28.29,28.29
2090,1,1.29,28.29
2091,0,0.0,28.29
2092,2,5.43,28.29
2093,0,0.0,28.29
2094,2,22.14,28.29
2095,0,0.0,28.29
2096,3,26.0,28.29
2097,0,0.0,28.29
2098,4,11.14,28.29
2099,0,0.0,28.29
2100,1,11.0,28.29
2101,1,7.57,28.29
2102,0,0.0,28.29
2103,0,0.0,28.29
2104,1,18.86,28.29
2105,0,0.0,28.29
2106,3,21.14,28.29
2107,0,0.0,28.29
2108,0,0.0,28.29
2109,0,0.0,28.29
2110,1,13.29,28.29
2111,1,1.57,28.29
2112,0,0.0,28.29
2113,0,0.0,28.29
2114,0,0.0,28.29
2115,0,0.0,28.29
2116,0,0.0,28.29
2117,1,19.0,28.29
2118,0,0.0,28.29
2119,1,4.29,28.29
2120,0,0.0,28.14
2121,3,27.71,28.14
2122,0,0.0,28.14
2123,6,12.43,28.14
2124,0,0.0,28.14
2125,0,0.0,28.14
2126,0,0.0,28.14
2127,0,0.0,28.14
2128,3,24.43,28.14
2129,0,0.0,28.14
2130,0,0.0,28.14
2131,0,0.0,28.14
2132,2,25.0,28.14
2133,5,9.57,28.14
2134,0,0.0,28.14
2135,1,3.57,28.14
2136,0,0.0,28.14
2137,0,0.0,28.14
2138,1,2.86,28.14
2139,0,0.0,28.14
2140,1,7.14,28.14
2141,0,0.0,28.14
2142,0,0.0,28.14
2143,2,17.0,28.14
2144,0,0.0,28.14
2145,1,5.43,28.14
2146,2,24.57,28.14
2147,0,0.0,28.14
2148,0,0.0,28.0
2149,7,26.86,28.0
2150,0,0.0,28.0
2151,0,0.0,28.0
2152,2,14.29,28.0
2153,0,0.0,28.0
2154,2,21.86,28.0
2155,2,2.86,28.0
2156,0,0.0,28.0
2157,0,0.0,28.0
2158,0,0.0,28.0
2159,0,0.0,28.0
2160,0,0.0,28.0
2161,2,8.43,28.0
2162,0,0.0,28.0
2163,8,27.57,28.0
2164,0,0.0,28.0
2165,0,0.0,28.0
2166,5,18.43,28.0
2167,0,0.0,28.0
2168,1,8.43,28.0
2169,0,0.0,28.0
2170,1,1.43,28.0
2171,0,0.0,28.0
2172,1,3.57,28.0
2173,0,0.0,28.0
2174,0,0.0,28.0
2175,1,11.29,28.0
2176,0,0.0,28.0
2177,3,8.0,28.0
2178,0,0.0,28.0
2179,2,20.57,27.86
2180,0,0.0,27.86
2181,0,0.0,27.86
2182,0,0.0,27.86
2183,2,12.57,27.86
2184,1,19.57,27.86
2185,0,0.0,27.86
2186,0,0.0,27.86
2187,0,0.0,27.86
2188,0,0.0,27.86
2189,1,0.14,27.86
2190,0,0.0,27.86
2191,2,25.71,27.86
2192,0,0.0,27.86
2193,0,0.0,27.86
2194,0,0.0,27.86
2195,0,0.0,27.86
2196,2,23.71,27.86
2197,0,0.0,27.86
2198,0,0.0,27.86
2199,1,7.43,27.86
2200,0,0.0,27.86
2201,1,23.57,27.86
2202,2,24.43,27.86
2203,0,0.0,27.86
2204,0,0.0,27.86
2205,1,1.71,27.86
2206,0,0.0,27.86
2207,2,7.57,27.71
2208,0,0.0,27.71
2209,0,0.0,27.71
2210,3,25.71,27.71
2211,0,0.0,27.71
2212,0,0.0,27.71
2213,0,0.0,27.71
2214,1,21.57,27.71
2215,0,0.0,27.71
2216,0,0.0,27.71
2217,0,0.0,27.71
2218,1,14.0,27.71
2219,0,0.0,27.71
2220,9,25.29,27.71
2221,3,20.14,27.71
2222,0,0.0,27.71
2223,0,0.0,27.71
2224,0,0.0,27.71
2225,0,0.0,27.71
2226,0,0.0,27.71
2227,0,0.0,27.71
2228,3,19.86,27.57
2229,0,0.0,27.57
2230,0,0.0,27.57
2231,2,26.43,27.57
2232,0,0.0,27.57
2233,1,27.29,27.57
2234,1,21.43,27.57
2235,1,7.71,27.57
2236,0,0.0,27.57
2237,0,0.0,27.57
2238,0,0.0,27.57
2239,2,6.43,27.57
2240,6,27.57,27.57
2241,0,0.0,27.57
2242,0,0.0,27.57
2243,0,0.0,27.57
2244,0,0.0,27.57
2245,0,0.0,27.57
2246,0,0.0,27.57
2247,0,0.0,27.43
2248,0,0.0,27.43
2249,0,0.0,27.43
2250,1,9.71,27.43
2251,0,0.0,27.43
2252,1,8.43,27.43
2253,0,0.0,27.43
2254,1,3.71,27.43
2255,0,0.0,27.43
2256,0,0.0,27.43
2257,0,0.0,27.43
2258,0,0.0,27.43
2259,0,0.0,27.43
2260,1,9.0,27.43
2261,4,23.0,27.43
2262,0,0.0,27.43
2263,0,0.0,27.43
2264,2,27.0,27.43
2265,0,0.0,27.43
2266,0,0.0,27.43
2267,0,0.0,27.43
2268,0,0.0,27.43
2269,0,0.0,27.43
2270,1,16.29,27.43
2271,0,0.0,27.29
2272,0,0.0,27.29
2273,0,0.0,27.29
2274,1,4.86,27.29
2275,0,0.0,27.29
2276,0,0.0,27.29
2277,0,0.0,27.29
2278,1,22.14,27.29
2279,0,0.0,27.29
2280,2,20.71,27.29
2281,0,0.0,27.29
2282,1,0.71,27.29
2283,0,0.0,27.29
2284,0,0.0,27.29
2285,6,13.29,27.29
2286,0,0.0,27.29
2287,0,0.0,27.29
2288,0,0.0,27.29
2289,0,0.0,27.29
2290,1,15.86,27.29
2291,0,0.0,27.29
2292,0,0.0,27.29
2293,2,15.43,27.29
2294,6,21.14,27.29
2295,0,0.0,27.14
2296,1,12.14,27.14
2297,0,0.0,27.14
2298,0,0.0,27.14
2299,0,0.0,27.14
2300,0,0.0,27.14
2301,2,19.0,27.14
2302,0,0.0,27.14
2303,7,23.43,27.14
2304,0,0.0,27.14
2305,1,24.43,27.14
2306,2,8.29,27.14
2307,1,6.14,27.14
2308,1,1.57,27.14
2309,1,0.43,27.14
2310,0,0.0,27.14
2311,0,0.0,27.14
2312,1,25.86,27.14
2313,5,18.0,27.14
2314,0,0.0,27.14
2315,1,7.86,27.14
2316,0,0.0,27.14
2317,0,0.0,27.14
2318,2,13.29,27.14
2319,0,0.0,27.14
2320,0,0.0,27.14
2321,0,0.0,27.14
2322,0,0.0,27.14
2323,0,0.0,27.14
2324,0,0.0,27.14
2325,1,2.57,27.14
2326,0,0.0,27.14
2327,0,0.0,27.14
2328,1,21.43,27.0
2329,0,0.0,27.0
2330,1,13.71,27.0
2331,0,0.0,27.0
2332,5,13.0,27.0
2333,1,20.43,27.0
2334,0,0.0,27.0
2335,1,2.57,27.0
2336,2,6.86,27.0
2337,0,0.0,27.0
2338,0,0.0,27.0
2339,1,11.71,27.0
2340,2,17.57,27.0
2341,0,0.0,27.0
2342,1,6.29,27.0
2343,0,0.0,27.0
2344,2,12.0,27.0
2345,0,0.0,27.0
2346,1,7.57,27.0
2347,2,9.86,27.0
2348,7,24.14,27.0
2349,1,9.29,27.0
2350,2,21.86,27.0
2351,0,0.0,27.0
2352,0,0.0,27.0
2353,0,0.0,27.0
2354,5,24.29,27.0
2355,0,0.0,27.0
2356,4,26.57,27.0
2357,0,0.0,27.0
