ID,x,t_x,T,zbar
1,2,30.43,38.86,22.35
2,1,1.71,38.86,11.77
3,0,0.00,38.86,0.00
4,0,0.00,38.86,0.00
5,0,0.00,38.86,0.00
6,7,29.43,38.86,73.74
7,1,5.00,38.86,11.77
8,0,0.00,38.86,0.00
9,2,35.71,38.86,25.55
10,0,0.00,38.86,0.00
11,5,24.43,38.86,29.44
12,0,0.00,38.86,0.00
13,0,0.00,38.86,0.00
14,0,0.00,38.86,0.00
15,0,0.00,38.86,0.00
16,0,0.00,38.86,0.00
17,10,34.14,38.86,24.24
18,1,4.86,38.86,9.99
19,3,28.29,38.71,25.08
20,0,0.00,38.71,0.00
21,2,14.57,38.71,32.30
22,0,0.00,38.71,0.00
23,0,0.00,38.71,0.00
24,0,0.00,38.71,0.00
25,0,0.00,38.71,0.00
26,1,1.57,38.71,227.14
27,0,0.00,38.71,0.00
28,1,29.43,38.71,80.46
29,0,0.00,38.71,0.00
30,1,5.86,38.71,40.47
31,0,0.00,38.71,0.00
32,0,0.00,38.71,0.00
33,0,0.00,38.71,0.00
34,0,0.00,38.71,0.00
35,1,27.14,38.71,31.14
36,0,0.00,38.71,0.00
37,0,0.00,38.71,0.00
38,1,2.14,38.71,13.97
39,0,0.00,38.71,0.00
40,0,0.00,38.71,0.00
41,0,0.00,38.57,0.00
42,0,0.00,38.57,0.00
43,0,0.00,38.57,0.00
44,0,0.00,38.57,0.00
45,1,24.43,38.57,14.96
46,12,34.43,38.57,29.54
47,0,0.00,38.57,0.00
48,0,0.00,38.57,0.00
49,1,1.57,38.57,14.37
50,0,0.00,38.57,0.00
51,0,0.00,38.57,0.00
52,0,0.00,38.57,0.00
53,0,0.00,38.57,0.00
54,0,0.00,38.57,0.00
55,0,0.00,38.57,0.00
56,2,33.14,38.57,28.03
57,1,4.29,38.57,15.36
58,0,0.00,38.43,0.00
59,1,38.43,38.43,6.49
60,0,0.00,38.43,0.00
61,4,29.43,38.43,53.40
62,0,0.00,38.43,0.00
63,1,16.14,38.43,43.13
64,0,0.00,38.43,0.00
65,0,0.00,38.43,0.00
66,0,0.00,38.43,0.00
67,2,21.14,38.43,133.48
68,0,0.00,38.43,0.00
69,0,0.00,38.43,0.00
70,3,29.29,38.43,42.63
71,0,0.00,38.43,0.00
72,0,0.00,38.43,0.00
73,1,5.86,38.43,69.23
74,0,0.00,38.43,0.00
75,1,5.14,38.43,20.77
76,0,0.00,38.43,0.00
77,0,0.00,38.43,0.00
78,0,0.00,38.29,0.00
79,3,16.86,38.29,20.22
80,0,0.00,38.29,0.00
81,0,0.00,38.29,0.00
82,1,7.43,38.29,42.09
83,0,0.00,38.29,0.00
84,0,0.00,38.29,0.00
85,0,0.00,38.29,0.00
86,7,26.43,38.29,27.63
87,0,0.00,38.29,0.00
88,10,35.43,38.29,13.66
89,0,0.00,38.29,0.00
90,0,0.00,38.29,0.00
91,1,33.29,38.29,14.99
92,6,37.43,38.29,50.87
93,0,0.00,38.29,0.00
94,0,0.00,38.29,0.00
95,0,0.00,38.29,0.00
96,0,0.00,38.29,0.00
97,0,0.00,38.29,0.00
98,2,31.86,38.29,33.42
99,4,37.57,38.29,20.68
100,1,23.86,38.29,26.22
101,5,36.14,38.14,17.47
102,0,0.00,38.14,0.00
103,0,0.00,38.14,0.00
104,0,0.00,38.14,0.00
105,1,24.14,38.14,92.80
106,1,6.14,38.14,52.30
107,0,0.00,38.14,0.00
108,0,0.00,38.14,0.00
109,1,0.29,38.14,39.09
110,0,0.00,38.14,0.00
111,1,0.29,38.14,12.97
112,0,0.00,38.14,0.00
113,0,0.00,38.14,0.00
114,1,24.14,38.14,24.99
115,0,0.00,38.14,0.00
116,1,5.29,38.14,28.31
117,0,0.00,38.14,0.00
118,0,0.00,38.14,0.00
119,0,0.00,38.14,0.00
120,0,0.00,38.14,0.00
121,1,3.00,38.14,13.77
122,0,0.00,38.14,0.00
123,0,0.00,38.14,0.00
124,0,0.00,38.14,0.00
125,1,7.14,38.14,36.71
126,0,0.00,38.00,0.00
127,0,0.00,38.00,0.00
128,0,0.00,38.00,0.00
129,4,7.57,38.00,13.62
130,3,26.00,38.00,19.36
131,0,0.00,38.00,0.00
132,1,24.00,38.00,71.66
133,2,28.43,38.00,13.87
134,0,0.00,38.00,0.00
135,1,23.43,38.00,19.54
136,2,7.43,38.00,23.48
137,0,0.00,38.00,0.00
138,2,16.86,38.00,51.80
139,1,2.14,38.00,29.33
140,1,15.71,38.00,23.54
141,0,0.00,38.00,0.00
142,5,6.86,38.00,35.58
143,2,28.57,38.00,15.16
144,7,34.14,38.00,22.92
145,2,35.71,38.00,18.98
146,0,0.00,38.00,0.00
147,4,29.29,38.00,29.86
148,13,37.86,38.00,29.34
149,0,0.00,38.00,0.00
150,4,33.00,38.00,28.53
151,4,35.29,38.00,24.94
152,0,0.00,38.00,0.00
153,0,0.00,38.00,0.00
154,1,2.86,38.00,16.70
155,0,0.00,38.00,0.00
156,1,6.43,38.00,34.32
157,29,37.71,38.00,26.26
158,0,0.00,37.86,0.00
159,3,24.71,37.86,46.59
160,0,0.00,37.86,0.00
161,0,0.00,37.86,0.00
162,1,2.00,37.86,46.28
163,0,0.00,37.86,0.00
164,10,37.00,37.86,62.44
165,0,0.00,37.86,0.00
166,0,0.00,37.86,0.00
167,13,28.14,37.86,25.46
168,0,0.00,37.86,0.00
169,0,0.00,37.86,0.00
170,1,37.43,37.86,14.49
171,0,0.00,37.86,0.00
172,0,0.00,37.86,0.00
173,0,0.00,37.86,0.00
174,0,0.00,37.86,0.00
175,0,0.00,37.86,0.00
176,0,0.00,37.71,0.00
177,0,0.00,37.71,0.00
178,6,32.86,37.71,35.18
179,8,36.14,37.71,49.25
180,0,0.00,37.71,0.00
181,0,0.00,37.71,0.00
182,0,0.00,37.71,0.00
183,1,5.00,37.71,15.76
184,0,0.00,37.71,0.00
185,4,36.14,37.71,33.91
186,0,0.00,37.71,0.00
187,2,7.86,37.71,11.87
188,3,21.14,37.71,37.99
189,3,6.00,37.71,28.46
190,0,0.00,37.71,0.00
191,0,0.00,37.71,0.00
192,0,0.00,37.71,0.00
193,0,0.00,37.71,0.00
194,0,0.00,37.71,0.00
195,6,27.00,37.71,28.77
196,0,0.00,37.71,0.00
197,1,1.57,37.71,27.13
198,0,0.00,37.71,0.00
199,0,0.00,37.71,0.00
200,2,14.29,37.57,41.48
201,0,0.00,37.57,0.00
202,2,7.00,37.57,18.88
203,2,31.00,37.57,21.87
204,0,0.00,37.57,0.00
205,0,0.00,37.57,0.00
206,1,18.00,37.57,14.96
207,0,0.00,37.57,0.00
208,1,0.29,37.57,34.27
209,0,0.00,37.57,0.00
210,0,0.00,37.57,0.00
211,7,17.86,37.57,71.81
212,0,0.00,37.57,0.00
213,0,0.00,37.57,0.00
214,0,0.00,37.57,0.00
215,2,29.00,37.57,14.47
216,0,0.00,37.57,0.00
217,4,24.29,37.57,37.26
218,0,0.00,37.43,0.00
219,1,14.86,37.43,14.99
220,1,27.43,37.43,21.74
221,0,0.00,37.43,0.00
222,0,0.00,37.43,0.00
223,0,0.00,37.43,0.00
224,0,0.00,37.43,0.00
225,0,0.00,37.43,0.00
226,2,11.43,37.43,20.35
227,0,0.00,37.43,0.00
228,1,2.00,37.43,13.97
229,1,1.86,37.43,9.77
230,2,33.00,37.43,28.65
231,0,0.00,37.43,0.00
232,3,36.57,37.43,22.29
233,0,0.00,37.43,0.00
234,0,0.00,37.43,0.00
235,0,0.00,37.43,0.00
236,0,0.00,37.43,0.00
237,0,0.00,37.43,0.00
238,0,0.00,37.43,0.00
239,0,0.00,37.43,0.00
240,0,0.00,37.43,0.00
241,0,0.00,37.43,0.00
242,4,31.43,37.43,24.09
243,1,8.29,37.29,55.28
244,5,5.14,37.29,194.86
245,0,0.00,37.29,0.00
246,0,0.00,37.29,0.00
247,2,24.00,37.29,36.11
248,0,0.00,37.29,0.00
249,1,1.86,37.29,30.32
250,2,20.43,37.29,26.94
251,0,0.00,37.29,0.00
252,0,0.00,37.29,0.00
253,1,32.00,37.29,16.36
254,0,0.00,37.29,0.00
255,1,0.43,37.29,11.77
256,0,0.00,37.29,0.00
257,5,16.14,37.29,32.12
258,0,0.00,37.29,0.00
259,0,0.00,37.29,0.00
260,1,5.86,37.29,38.77
261,2,28.57,37.29,52.94
262,0,0.00,37.29,0.00
263,1,36.86,37.29,64.45
264,0,0.00,37.29,0.00
265,0,0.00,37.29,0.00
266,1,0.14,37.29,11.77
267,2,35.57,37.29,21.36
268,1,5.71,37.29,90.83
269,0,0.00,37.14,0.00
270,1,2.00,37.14,79.72
271,0,0.00,37.14,0.00
272,1,3.86,37.14,41.82
273,0,0.00,37.14,0.00
274,3,24.29,37.14,20.50
275,1,34.00,37.14,25.74
276,13,30.71,37.14,17.56
277,0,0.00,37.14,0.00
278,0,0.00,37.14,0.00
279,0,0.00,37.14,0.00
280,0,0.00,37.14,0.00
281,0,0.00,37.14,0.00
282,3,19.43,37.14,87.43
283,3,32.86,37.14,19.62
284,1,3.00,37.14,36.67
285,0,0.00,37.14,0.00
286,0,0.00,37.14,0.00
287,3,31.57,37.14,33.97
288,0,0.00,37.14,0.00
289,5,36.43,37.14,36.98
290,0,0.00,37.14,0.00
291,2,35.43,37.14,65.07
292,1,0.43,37.14,20.75
293,0,0.00,37.14,0.00
294,1,0.71,37.14,18.99
295,0,0.00,37.14,0.00
296,0,0.00,37.14,0.00
297,1,15.29,37.00,76.41
298,1,1.14,37.00,12.97
299,0,0.00,37.00,0.00
300,0,0.00,37.00,0.00
301,0,0.00,37.00,0.00
302,3,34.43,37.00,20.08
303,1,36.29,37.00,31.48
304,1,17.86,37.00,69.84
305,0,0.00,37.00,0.00
306,1,3.43,37.00,14.37
307,0,0.00,37.00,0.00
308,0,0.00,37.00,0.00
309,0,0.00,37.00,0.00
310,4,4.29,37.00,48.81
311,0,0.00,37.00,0.00
312,2,34.57,37.00,25.61
313,0,0.00,37.00,0.00
314,3,27.71,37.00,93.40
315,0,0.00,37.00,0.00
316,0,0.00,37.00,0.00
317,1,19.86,37.00,29.75
318,0,0.00,37.00,0.00
319,1,16.57,37.00,48.94
320,0,0.00,37.00,0.00
321,2,32.00,37.00,60.75
322,0,0.00,36.86,0.00
323,1,8.86,36.86,41.77
324,3,2.71,36.86,15.89
325,25,27.29,36.86,37.21
326,0,0.00,36.86,0.00
327,0,0.00,36.86,0.00
328,0,0.00,36.86,0.00
329,0,0.00,36.86,0.00
330,5,22.57,36.86,59.42
331,0,0.00,36.86,0.00
332,2,14.14,36.86,10.88
333,0,0.00,36.86,0.00
334,0,0.00,36.86,0.00
335,0,0.00,36.86,0.00
336,5,36.00,36.86,45.07
337,0,0.00,36.86,0.00
338,0,0.00,36.86,0.00
339,1,22.43,36.86,9.77
340,0,0.00,36.86,0.00
341,0,0.00,36.86,0.00
342,0,0.00,36.86,0.00
343,0,0.00,36.86,0.00
344,2,22.57,36.71,15.70
345,0,0.00,36.71,0.00
346,0,0.00,36.71,0.00
347,0,0.00,36.71,0.00
348,1,22.57,36.71,4.79
349,0,0.00,36.71,0.00
350,2,22.57,36.71,79.02
351,1,9.57,36.71,12.77
352,0,0.00,36.71,0.00
353,0,0.00,36.71,0.00
354,0,0.00,36.71,0.00
355,0,0.00,36.71,0.00
356,0,0.00,36.71,0.00
357,1,2.57,36.71,242.98
358,2,23.71,36.71,36.22
359,0,0.00,36.71,0.00
360,0,0.00,36.71,0.00
361,0,0.00,36.71,0.00
362,0,0.00,36.71,0.00
363,2,10.57,36.71,9.77
364,4,28.71,36.71,41.81
365,0,0.00,36.71,0.00
366,0,0.00,36.57,0.00
367,1,11.71,36.57,176.45
368,3,17.43,36.57,26.42
369,0,0.00,36.57,0.00
370,1,14.14,36.57,24.74
371,0,0.00,36.57,0.00
372,0,0.00,36.57,0.00
373,0,0.00,36.57,0.00
374,0,0.00,36.57,0.00
375,0,0.00,36.57,0.00
376,1,5.71,36.57,13.77
377,1,10.43,36.57,13.97
378,1,22.00,36.57,16.70
379,0,0.00,36.57,0.00
380,0,0.00,36.57,0.00
381,0,0.00,36.57,0.00
382,11,36.43,36.57,37.11
383,0,0.00,36.57,0.00
384,0,0.00,36.57,0.00
385,4,31.14,36.57,22.86
386,0,0.00,36.57,0.00
387,0,0.00,36.57,0.00
388,1,15.29,36.43,100.59
389,2,10.14,36.43,22.08
390,0,0.00,36.43,0.00
391,0,0.00,36.43,0.00
392,0,0.00,36.43,0.00
393,0,0.00,36.43,0.00
394,1,25.86,36.43,189.64
395,1,4.43,36.43,23.54
396,0,0.00,36.43,0.00
397,3,21.29,36.43,14.37
398,1,8.00,36.43,29.99
399,0,0.00,36.43,0.00
400,0,0.00,36.43,0.00
401,2,21.86,36.43,18.14
402,0,0.00,36.43,0.00
403,8,31.14,36.43,44.80
404,1,6.14,36.43,15.38
405,0,0.00,36.43,0.00
406,2,15.86,36.43,34.22
407,1,31.86,36.43,14.96
408,0,0.00,36.43,0.00
409,0,0.00,36.43,0.00
410,1,21.71,36.43,28.34
411,0,0.00,36.43,0.00
412,2,3.43,36.43,15.36
413,0,0.00,36.43,0.00
414,0,0.00,36.43,0.00
415,3,20.86,36.29,17.89
416,0,0.00,36.29,0.00
417,0,0.00,36.29,0.00
418,0,0.00,36.29,0.00
419,0,0.00,36.29,0.00
420,0,0.00,36.29,0.00
421,0,0.00,36.29,0.00
422,2,12.43,36.29,52.47
423,2,19.71,36.29,13.37
424,0,0.00,36.29,0.00
425,0,0.00,36.29,0.00
426,0,0.00,36.29,0.00
427,1,4.43,36.29,29.33
428,2,30.00,36.29,25.05
429,0,0.00,36.29,0.00
430,0,0.00,36.29,0.00
431,0,0.00,36.29,0.00
432,0,0.00,36.29,0.00
433,0,0.00,36.29,0.00
434,1,8.43,36.29,25.74
435,0,0.00,36.29,0.00
436,0,0.00,36.29,0.00
437,0,0.00,36.29,0.00
438,0,0.00,36.29,0.00
439,1,18.14,36.29,34.14
440,2,26.14,36.29,97.58
441,4,26.71,36.29,13.93
442,0,0.00,36.29,0.00
443,0,0.00,36.29,0.00
444,2,3.14,36.14,29.98
445,0,0.00,36.14,0.00
446,6,27.14,36.14,23.18
447,0,0.00,36.14,0.00
448,1,2.14,36.14,44.97
449,0,0.00,36.14,0.00
450,1,7.86,36.14,27.33
451,1,8.86,36.14,83.39
452,1,17.00,36.14,11.77
453,2,11.00,36.14,31.26
454,1,27.14,36.14,14.37
455,0,0.00,36.14,0.00
456,7,28.29,36.14,66.89
457,4,15.14,36.14,19.02
458,0,0.00,36.14,0.00
459,0,0.00,36.14,0.00
460,0,0.00,36.14,0.00
461,7,25.43,36.14,21.39
462,0,0.00,36.14,0.00
463,1,8.57,36.14,58.07
464,1,17.00,36.14,38.71
465,0,0.00,36.14,0.00
466,2,23.00,36.14,32.54
467,1,31.57,36.14,51.50
468,0,0.00,36.14,0.00
469,4,30.43,36.14,21.65
470,0,0.00,36.14,0.00
471,1,2.43,36.14,14.79
472,0,0.00,36.14,0.00
473,0,0.00,36.14,0.00
474,2,33.71,36.14,20.13
475,0,0.00,36.14,0.00
476,0,0.00,36.14,0.00
477,4,36.00,36.14,29.69
478,0,0.00,36.14,0.00
479,0,0.00,36.00,0.00
480,2,21.29,36.00,56.95
481,1,21.57,36.00,89.48
482,0,0.00,36.00,0.00
483,1,8.57,36.00,11.97
484,0,0.00,36.00,0.00
485,11,33.14,36.00,50.03
486,0,0.00,36.00,0.00
487,4,9.00,36.00,31.04
488,0,0.00,36.00,0.00
489,0,0.00,36.00,0.00
490,0,0.00,36.00,0.00
491,4,17.43,36.00,32.82
492,0,0.00,36.00,0.00
493,3,30.43,36.00,31.99
494,0,0.00,36.00,0.00
495,1,36.00,36.00,11.49
496,1,2.14,36.00,15.36
497,0,0.00,36.00,0.00
498,0,0.00,36.00,0.00
499,6,26.57,36.00,43.93
500,3,5.57,36.00,36.19
501,0,0.00,36.00,0.00
502,0,0.00,36.00,0.00
503,0,0.00,36.00,0.00
504,0,0.00,35.86,0.00
505,2,14.29,35.86,39.60
506,0,0.00,35.86,0.00
507,2,31.00,35.86,27.85
508,0,0.00,35.86,0.00
509,18,35.14,35.86,78.63
510,0,0.00,35.86,0.00
511,1,5.29,35.86,14.96
512,0,0.00,35.86,0.00
513,1,7.86,35.86,37.65
514,0,0.00,35.86,0.00
515,0,0.00,35.86,0.00
516,0,0.00,35.86,0.00
517,5,29.57,35.86,27.39
518,0,0.00,35.86,0.00
519,1,35.86,35.86,41.47
520,0,0.00,35.86,0.00
521,6,34.86,35.86,18.67
522,0,0.00,35.86,0.00
523,2,11.14,35.86,17.62
524,0,0.00,35.86,0.00
525,0,0.00,35.86,0.00
526,2,22.71,35.86,96.09
527,0,0.00,35.86,0.00
528,1,29.86,35.86,27.77
529,1,20.86,35.71,38.92
530,0,0.00,35.71,0.00
531,0,0.00,35.71,0.00
532,1,12.86,35.71,12.49
533,0,0.00,35.71,0.00
534,1,4.57,35.71,44.88
535,2,29.43,35.71,77.42
536,0,0.00,35.71,0.00
537,0,0.00,35.71,0.00
538,0,0.00,35.71,0.00
539,1,0.14,35.71,6.79
540,0,0.00,35.71,0.00
541,2,31.71,35.71,33.72
542,0,0.00,35.71,0.00
543,2,22.43,35.71,135.96
544,0,0.00,35.71,0.00
545,0,0.00,35.71,0.00
546,0,0.00,35.71,0.00
547,0,0.00,35.71,0.00
548,1,22.00,35.71,71.45
549,10,33.57,35.71,38.76
550,0,0.00,35.71,0.00
551,1,6.71,35.71,30.97
552,3,3.43,35.71,41.46
553,3,23.71,35.71,58.67
554,0,0.00,35.71,0.00
555,2,32.43,35.71,31.97
556,0,0.00,35.71,0.00
557,0,0.00,35.71,0.00
558,12,23.86,35.57,26.74
559,0,0.00,35.57,0.00
560,1,7.57,35.57,30.32
561,2,29.00,35.57,46.35
562,2,34.43,35.57,24.99
563,0,0.00,35.57,0.00
564,0,0.00,35.57,0.00
565,0,0.00,35.57,0.00
566,0,0.00,35.57,0.00
567,5,33.43,35.57,20.81
568,0,0.00,35.57,0.00
569,0,0.00,35.57,0.00
570,2,24.86,35.57,14.31
571,0,0.00,35.57,0.00
572,5,8.71,35.57,50.67
573,0,0.00,35.57,0.00
574,1,26.71,35.57,27.31
575,1,5.43,35.57,13.97
576,0,0.00,35.57,0.00
577,1,7.29,35.57,59.25
578,0,0.00,35.57,0.00
579,0,0.00,35.57,0.00
580,0,0.00,35.57,0.00
581,0,0.00,35.57,0.00
582,0,0.00,35.57,0.00
583,0,0.00,35.57,0.00
584,1,35.43,35.43,45.98
585,2,21.57,35.43,44.00
586,0,0.00,35.43,0.00
587,0,0.00,35.43,0.00
588,0,0.00,35.43,0.00
589,0,0.00,35.43,0.00
590,0,0.00,35.43,0.00
591,0,0.00,35.43,0.00
592,1,29.00,35.43,15.36
593,7,17.14,35.43,42.49
594,0,0.00,35.43,0.00
595,0,0.00,35.43,0.00
596,2,32.71,35.43,41.12
597,0,0.00,35.43,0.00
598,0,0.00,35.43,0.00
599,2,25.86,35.43,8.38
600,0,0.00,35.43,0.00
601,4,21.43,35.43,31.97
602,0,0.00,35.43,0.00
603,0,0.00,35.43,0.00
604,3,30.00,35.43,14.70
605,0,0.00,35.43,0.00
606,1,31.29,35.43,14.37
607,0,0.00,35.43,0.00
608,2,13.57,35.43,21.37
609,2,22.00,35.43,37.08
610,0,0.00,35.43,0.00
611,1,10.29,35.29,163.61
612,1,20.86,35.29,11.77
613,2,33.57,35.29,11.63
614,0,0.00,35.29,0.00
615,0,0.00,35.29,0.00
616,0,0.00,35.29,0.00
617,0,0.00,35.29,0.00
618,2,3.86,35.29,21.75
619,0,0.00,35.29,0.00
620,0,0.00,35.29,0.00
621,1,7.86,35.29,19.99
622,0,0.00,35.29,0.00
623,1,23.86,35.29,13.97
624,0,0.00,35.29,0.00
625,3,11.14,35.29,32.02
626,0,0.00,35.29,0.00
627,0,0.00,35.29,0.00
628,0,0.00,35.29,0.00
629,0,0.00,35.29,0.00
630,1,34.29,35.29,18.98
631,0,0.00,35.29,0.00
632,0,0.00,35.29,0.00
633,1,2.71,35.29,75.20
634,0,0.00,35.29,0.00
635,0,0.00,35.29,0.00
636,0,0.00,35.29,0.00
637,0,0.00,35.14,0.00
638,0,0.00,35.14,0.00
639,0,0.00,35.14,0.00
640,0,0.00,35.14,0.00
641,3,26.71,35.14,40.04
642,0,0.00,35.14,0.00
643,4,28.43,35.14,15.26
644,0,0.00,35.14,0.00
645,0,0.00,35.14,0.00
646,0,0.00,35.14,0.00
647,0,0.00,35.14,0.00
648,2,11.57,35.14,11.98
649,1,8.57,35.14,15.36
650,1,6.43,35.14,29.33
651,0,0.00,35.14,0.00
652,0,0.00,35.14,0.00
653,0,0.00,35.14,0.00
654,0,0.00,35.14,0.00
655,5,31.14,35.14,29.39
656,1,5.86,35.14,11.77
657,0,0.00,35.14,0.00
658,0,0.00,35.14,0.00
659,1,7.14,35.14,26.73
660,2,8.29,35.14,24.08
661,1,33.71,35.14,12.99
662,0,0.00,35.14,0.00
663,0,0.00,35.14,0.00
664,0,0.00,35.14,0.00
665,0,0.00,35.14,0.00
666,1,20.86,35.00,52.47
667,0,0.00,35.00,0.00
668,8,33.57,35.00,29.48
669,1,4.43,35.00,54.71
670,0,0.00,35.00,0.00
671,6,29.29,35.00,36.53
672,1,8.14,35.00,34.11
673,2,3.86,35.00,20.15
674,0,0.00,35.00,0.00
675,3,25.29,35.00,70.45
676,6,23.00,35.00,79.33
677,0,0.00,35.00,0.00
678,1,20.43,35.00,14.96
679,0,0.00,35.00,0.00
680,2,16.29,35.00,28.64
681,5,25.14,35.00,17.25
682,0,0.00,35.00,0.00
683,1,28.00,35.00,10.77
684,0,0.00,35.00,0.00
685,0,0.00,35.00,0.00
686,0,0.00,35.00,0.00
687,0,0.00,35.00,0.00
688,0,0.00,35.00,0.00
689,0,0.00,35.00,0.00
690,1,18.86,35.00,29.92
691,1,6.00,35.00,21.54
692,0,0.00,35.00,0.00
693,13,34.43,35.00,42.44
694,0,0.00,35.00,0.00
695,0,0.00,35.00,0.00
696,1,3.57,35.00,24.99
697,3,25.86,34.86,20.08
698,0,0.00,34.86,0.00
699,5,14.43,34.86,17.22
700,0,0.00,34.86,0.00
701,2,17.43,34.86,20.55
702,1,22.86,34.86,128.89
703,0,0.00,34.86,0.00
704,0,0.00,34.86,0.00
705,1,11.14,34.86,11.78
706,0,0.00,34.86,0.00
707,1,4.00,34.86,37.75
708,1,0.57,34.86,29.58
709,0,0.00,34.86,0.00
710,0,0.00,34.86,0.00
711,0,0.00,34.86,0.00
712,4,30.57,34.86,22.54
713,6,33.57,34.86,16.31
714,1,1.71,34.86,14.37
715,2,9.71,34.86,50.27
716,0,0.00,34.86,0.00
717,0,0.00,34.86,0.00
718,2,12.00,34.86,14.47
719,0,0.00,34.86,0.00
720,7,34.86,34.86,14.60
721,0,0.00,34.86,0.00
722,0,0.00,34.86,0.00
723,0,0.00,34.86,0.00
724,0,0.00,34.86,0.00
725,0,0.00,34.86,0.00
726,3,20.29,34.86,48.17
727,0,0.00,34.86,0.00
728,5,17.00,34.86,62.48
729,0,0.00,34.86,0.00
730,2,10.57,34.71,11.77
731,1,4.57,34.71,18.76
732,3,33.71,34.71,37.47
733,0,0.00,34.71,0.00
734,0,0.00,34.71,0.00
735,0,0.00,34.71,0.00
736,0,0.00,34.71,0.00
737,0,0.00,34.71,0.00
738,0,0.00,34.71,0.00
739,1,13.29,34.71,12.49
740,0,0.00,34.71,0.00
741,1,24.86,34.71,14.96
742,0,0.00,34.71,0.00
743,0,0.00,34.71,0.00
744,0,0.00,34.71,0.00
745,2,14.43,34.71,16.83
746,0,0.00,34.71,0.00
747,1,12.57,34.71,70.13
748,0,0.00,34.71,0.00
749,0,0.00,34.71,0.00
750,1,7.14,34.71,6.79
751,10,29.29,34.71,62.26
752,0,0.00,34.71,0.00
753,0,0.00,34.71,0.00
754,0,0.00,34.71,0.00
755,0,0.00,34.71,0.00
756,3,16.43,34.71,13.30
757,3,17.14,34.71,20.68
758,0,0.00,34.71,0.00
759,0,0.00,34.71,0.00
760,2,9.14,34.57,66.94
761,5,34.57,34.57,89.61
762,4,23.14,34.57,18.04
763,0,0.00,34.57,0.00
764,0,0.00,34.57,0.00
765,0,0.00,34.57,0.00
766,0,0.00,34.57,0.00
767,0,0.00,34.57,0.00
768,0,0.00,34.57,0.00
769,0,0.00,34.57,0.00
770,1,3.71,34.57,27.94
771,0,0.00,34.57,0.00
772,0,0.00,34.57,0.00
773,0,0.00,34.57,0.00
774,0,0.00,34.57,0.00
775,1,16.00,34.57,15.36
776,1,0.29,34.57,24.98
777,3,9.29,34.57,12.19
778,1,8.71,34.57,28.34
779,0,0.00,34.57,0.00
780,0,0.00,34.57,0.00
781,0,0.00,34.57,0.00
782,0,0.00,34.43,0.00
783,6,32.86,34.43,47.02
784,2,25.57,34.43,37.12
785,0,0.00,34.43,0.00
786,0,0.00,34.43,0.00
787,0,0.00,34.43,0.00
788,0,0.00,34.43,0.00
789,0,0.00,34.43,0.00
790,0,0.00,34.43,0.00
791,0,0.00,34.43,0.00
792,0,0.00,34.43,0.00
793,1,2.14,34.43,50.30
794,6,30.86,34.43,13.48
795,0,0.00,34.43,0.00
796,1,5.86,34.43,32.37
797,0,0.00,34.43,0.00
798,2,8.14,34.43,127.32
799,0,0.00,34.43,0.00
800,0,0.00,34.43,0.00
801,7,33.71,34.43,124.61
802,0,0.00,34.43,0.00
803,0,0.00,34.43,0.00
804,0,0.00,34.43,0.00
805,2,20.71,34.43,32.42
806,0,0.00,34.43,0.00
807,0,0.00,34.43,0.00
808,0,0.00,34.43,0.00
809,0,0.00,34.43,0.00
810,2,12.71,34.43,46.79
811,0,0.00,34.29,0.00
812,1,7.29,34.29,19.99
813,13,33.86,34.29,28.62
814,7,5.57,34.29,27.36
815,0,0.00,34.29,0.00
816,0,0.00,34.29,0.00
817,3,32.00,34.29,39.73
818,0,0.00,34.29,0.00
819,1,22.14,34.29,11.77
820,0,0.00,34.29,0.00
821,1,4.71,34.29,66.63
822,1,19.71,34.29,14.96
823,2,0.86,34.29,42.20
824,0,0.00,34.29,0.00
825,0,0.00,34.29,0.00
826,0,0.00,34.29,0.00
827,1,8.29,34.29,13.97
828,0,0.00,34.29,0.00
829,0,0.00,34.29,0.00
830,1,21.14,34.29,44.28
831,1,23.86,34.29,21.75
832,0,0.00,34.29,0.00
833,0,0.00,34.29,0.00
834,0,0.00,34.29,0.00
835,0,0.00,34.29,0.00
836,2,31.00,34.29,12.25
837,1,0.57,34.29,12.97
838,0,0.00,34.29,0.00
839,0,0.00,34.29,0.00
840,1,26.71,34.29,15.96
841,19,34.00,34.14,29.49
842,2,21.00,34.14,103.88
843,2,28.00,34.14,38.45
844,0,0.00,34.14,0.00
845,2,21.00,34.14,109.63
846,2,14.00,34.14,68.85
847,0,0.00,34.14,0.00
848,0,0.00,34.14,0.00
849,0,0.00,34.14,0.00
850,1,6.57,34.14,58.14
851,0,0.00,34.14,0.00
852,0,0.00,34.14,0.00
853,0,0.00,34.14,0.00
854,1,0.43,34.14,16.76
855,0,0.00,34.14,0.00
856,1,10.57,34.14,13.97
857,0,0.00,34.14,0.00
858,1,1.43,34.14,29.98
859,0,0.00,34.14,0.00
860,0,0.00,34.14,0.00
861,2,18.29,34.14,12.97
862,0,0.00,34.14,0.00
863,0,0.00,34.14,0.00
864,0,0.00,34.14,0.00
865,1,14.86,34.14,43.09
866,0,0.00,34.14,0.00
867,7,31.43,34.14,23.64
868,0,0.00,34.14,0.00
869,0,0.00,34.14,0.00
870,0,0.00,34.14,0.00
871,0,0.00,34.14,0.00
872,0,0.00,34.14,0.00
873,1,0.14,34.14,9.77
874,0,0.00,34.14,0.00
875,0,0.00,34.14,0.00
876,1,27.71,34.14,46.50
877,1,16.57,34.00,26.75
878,0,0.00,34.00,0.00
879,0,0.00,34.00,0.00
880,2,8.71,34.00,15.46
881,0,0.00,34.00,0.00
882,1,9.86,34.00,10.77
883,1,15.29,34.00,29.92
884,0,0.00,34.00,0.00
885,0,0.00,34.00,0.00
886,4,28.14,34.00,60.85
887,0,0.00,34.00,0.00
888,0,0.00,34.00,0.00
889,1,13.71,34.00,51.60
890,0,0.00,34.00,0.00
891,0,0.00,34.00,0.00
892,0,0.00,34.00,0.00
893,1,23.86,34.00,45.40
894,0,0.00,34.00,0.00
895,0,0.00,34.00,0.00
896,0,0.00,34.00,0.00
897,5,14.71,34.00,9.70
898,1,10.29,34.00,14.96
899,0,0.00,34.00,0.00
900,1,24.86,34.00,54.73
901,0,0.00,34.00,0.00
902,1,9.71,34.00,53.50
903,0,0.00,34.00,0.00
904,1,2.29,34.00,35.51
905,0,0.00,34.00,0.00
906,0,0.00,34.00,0.00
907,0,0.00,34.00,0.00
908,7,26.00,34.00,26.42
909,2,20.14,34.00,28.04
910,1,12.71,34.00,152.72
911,0,0.00,34.00,0.00
912,0,0.00,34.00,0.00
913,0,0.00,33.86,0.00
914,0,0.00,33.86,0.00
915,0,0.00,33.86,0.00
916,1,15.71,33.86,36.50
917,0,0.00,33.86,0.00
918,0,0.00,33.86,0.00
919,0,0.00,33.86,0.00
920,0,0.00,33.86,0.00
921,2,32.71,33.86,55.51
922,0,0.00,33.86,0.00
923,0,0.00,33.86,0.00
924,0,0.00,33.86,0.00
925,0,0.00,33.86,0.00
926,0,0.00,33.86,0.00
927,0,0.00,33.86,0.00
928,1,8.57,33.86,14.37
929,0,0.00,33.86,0.00
930,4,26.14,33.86,25.11
931,0,0.00,33.86,0.00
932,1,4.57,33.86,25.94
933,1,23.00,33.86,28.74
934,0,0.00,33.86,0.00
935,1,2.57,33.86,17.90
936,0,0.00,33.86,0.00
937,1,3.71,33.86,15.99
938,2,33.00,33.71,11.97
939,0,0.00,33.71,0.00
940,1,3.00,33.71,29.93
941,0,0.00,33.71,0.00
942,0,0.00,33.71,0.00
943,0,0.00,33.71,0.00
944,2,33.71,33.71,43.98
945,0,0.00,33.71,0.00
946,4,15.29,33.71,29.10
947,0,0.00,33.71,0.00
948,1,6.14,33.71,14.96
949,7,32.57,33.71,20.16
950,1,1.14,33.71,30.72
951,0,0.00,33.71,0.00
952,1,2.29,33.71,125.69
953,0,0.00,33.71,0.00
954,0,0.00,33.71,0.00
955,4,24.00,33.71,99.71
956,0,0.00,33.71,0.00
957,1,6.71,33.71,12.79
958,0,0.00,33.71,0.00
959,0,0.00,33.71,0.00
960,0,0.00,33.71,0.00
961,0,0.00,33.71,0.00
962,1,1.00,33.71,13.97
963,0,0.00,33.71,0.00
964,7,30.14,33.71,23.01
965,1,11.00,33.71,42.02
966,0,0.00,33.71,0.00
967,6,29.86,33.71,42.50
968,0,0.00,33.71,0.00
969,5,18.29,33.71,33.62
970,0,0.00,33.71,0.00
971,2,14.29,33.71,12.47
972,0,0.00,33.71,0.00
973,1,17.43,33.71,38.51
974,0,0.00,33.71,0.00
975,6,30.43,33.71,47.07
976,0,0.00,33.71,0.00
977,2,11.43,33.71,36.86
978,0,0.00,33.71,0.00
979,0,0.00,33.71,0.00
980,0,0.00,33.71,0.00
981,2,16.00,33.57,38.40
982,2,27.14,33.57,27.57
983,0,0.00,33.57,0.00
984,0,0.00,33.57,0.00
985,6,25.00,33.57,35.04
986,0,0.00,33.57,0.00
987,0,0.00,33.57,0.00
988,1,20.00,33.57,43.90
989,0,0.00,33.57,0.00
990,1,24.29,33.57,40.51
991,0,0.00,33.57,0.00
992,0,0.00,33.57,0.00
993,0,0.00,33.57,0.00
994,2,10.71,33.57,42.48
995,0,0.00,33.57,0.00
996,0,0.00,33.57,0.00
997,0,0.00,33.57,0.00
998,0,0.00,33.57,0.00
999,1,1.71,33.57,10.78
1000,4,24.43,33.57,16.26
1001,0,0.00,33.57,0.00
1002,0,0.00,33.57,0.00
1003,1,26.71,33.57,68.31
1004,0,0.00,33.57,0.00
1005,1,3.86,33.57,15.76
1006,0,0.00,33.57,0.00
1007,0,0.00,33.43,0.00
1008,1,1.43,33.43,20.99
1009,0,0.00,33.43,0.00
1010,5,21.14,33.43,122.93
1011,2,18.86,33.43,52.85
1012,0,0.00,33.43,0.00
1013,0,0.00,33.43,0.00
1014,0,0.00,33.43,0.00
1015,3,26.00,33.43,40.32
1016,0,0.00,33.43,0.00
1017,12,32.43,33.43,12.86
1018,1,9.14,33.43,49.48
1019,0,0.00,33.43,0.00
1020,0,0.00,33.43,0.00
1021,2,21.43,33.43,29.60
1022,0,0.00,33.43,0.00
1023,0,0.00,33.43,0.00
1024,0,0.00,33.43,0.00
1025,0,0.00,33.43,0.00
1026,0,0.00,33.43,0.00
1027,0,0.00,33.43,0.00
1028,0,0.00,33.43,0.00
1029,0,0.00,33.43,0.00
1030,0,0.00,33.43,0.00
1031,0,0.00,33.43,0.00
1032,0,0.00,33.43,0.00
1033,0,0.00,33.43,0.00
1034,0,0.00,33.43,0.00
1035,0,0.00,33.43,0.00
1036,0,0.00,33.43,0.00
1037,4,14.29,33.43,33.36
1038,1,23.14,33.29,57.50
1039,1,8.71,33.29,28.99
1040,0,0.00,33.29,0.00
1041,0,0.00,33.29,0.00
1042,3,18.00,33.29,15.17
1043,0,0.00,33.29,0.00
1044,1,33.29,33.29,19.49
1045,0,0.00,33.29,0.00
1046,1,0.57,33.29,13.97
1047,0,0.00,33.29,0.00
1048,0,0.00,33.29,0.00
1049,0,0.00,33.29,0.00
1050,0,0.00,33.29,0.00
1051,4,25.00,33.29,16.62
1052,0,0.00,33.29,0.00
1053,0,0.00,33.29,0.00
1054,2,19.14,33.29,16.98
1055,0,0.00,33.29,0.00
1056,5,32.29,33.29,36.58
1057,0,0.00,33.29,0.00
1058,3,24.57,33.29,67.12
1059,1,0.14,33.29,11.99
1060,0,0.00,33.29,0.00
1061,0,0.00,33.29,0.00
1062,3,13.14,33.29,27.54
1063,0,0.00,33.29,0.00
1064,0,0.00,33.29,0.00
1065,0,0.00,33.29,0.00
1066,0,0.00,33.29,0.00
1067,0,0.00,33.14,0.00
1068,0,0.00,33.14,0.00
1069,0,0.00,33.14,0.00
1070,0,0.00,33.14,0.00
1071,2,4.00,33.14,13.37
1072,0,0.00,33.14,0.00
1073,0,0.00,33.14,0.00
1074,0,0.00,33.14,0.00
1075,2,4.86,33.14,16.24
1076,3,19.29,33.14,20.42
1077,0,0.00,33.14,0.00
1078,0,0.00,33.14,0.00
1079,0,0.00,33.14,0.00
1080,0,0.00,33.14,0.00
1081,11,32.00,33.14,106.53
1082,0,0.00,33.14,0.00
1083,0,0.00,33.14,0.00
1084,2,2.29,33.14,47.84
1085,0,0.00,33.14,0.00
1086,1,19.00,33.14,9.98
1087,0,0.00,33.14,0.00
1088,7,28.71,33.14,66.70
1089,0,0.00,33.14,0.00
1090,0,0.00,33.14,0.00
1091,1,19.00,33.14,5.99
1092,0,0.00,33.14,0.00
1093,3,12.00,33.14,26.73
1094,0,0.00,33.14,0.00
1095,2,28.00,33.14,31.62
1096,0,0.00,33.14,0.00
1097,1,2.00,33.14,14.37
1098,0,0.00,33.14,0.00
1099,4,25.00,33.14,17.67
1100,2,15.29,33.00,17.70
1101,2,6.00,33.00,19.64
1102,1,18.29,33.00,14.99
1103,0,0.00,33.00,0.00
1104,0,0.00,33.00,0.00
1105,0,0.00,33.00,0.00
1106,0,0.00,33.00,0.00
1107,0,0.00,33.00,0.00
1108,1,8.57,33.00,22.40
1109,3,30.29,33.00,17.70
1110,0,0.00,33.00,0.00
1111,0,0.00,33.00,0.00
1112,1,18.43,33.00,14.96
1113,1,0.86,33.00,27.94
1114,6,18.43,33.00,24.64
1115,0,0.00,33.00,0.00
1116,0,0.00,33.00,0.00
1117,4,29.00,33.00,47.99
1118,0,0.00,33.00,0.00
1119,0,0.00,33.00,0.00
1120,1,1.29,33.00,51.87
1121,0,0.00,33.00,0.00
1122,2,9.86,33.00,56.73
1123,0,0.00,33.00,0.00
1124,1,2.43,33.00,11.77
1125,3,9.71,33.00,57.56
1126,7,30.43,33.00,46.69
1127,2,15.00,33.00,45.82
1128,0,0.00,33.00,0.00
1129,5,32.14,33.00,46.25
1130,0,0.00,33.00,0.00
1131,0,0.00,33.00,0.00
1132,0,0.00,33.00,0.00
1133,0,0.00,32.86,0.00
1134,5,32.43,32.86,26.18
1135,0,0.00,32.86,0.00
1136,12,17.71,32.86,51.97
1137,1,18.43,32.86,35.71
1138,0,0.00,32.86,0.00
1139,1,18.86,32.86,30.15
1140,0,0.00,32.86,0.00
1141,1,0.71,32.86,13.97
1142,0,0.00,32.86,0.00
1143,0,0.00,32.86,0.00
1144,0,0.00,32.86,0.00
1145,0,0.00,32.86,0.00
1146,3,8.57,32.86,13.59
1147,0,0.00,32.86,0.00
1148,0,0.00,32.86,0.00
1149,0,0.00,32.86,0.00
1150,0,0.00,32.86,0.00
1151,0,0.00,32.86,0.00
1152,1,12.14,32.86,103.18
1153,0,0.00,32.86,0.00
1154,1,0.57,32.86,14.96
1155,0,0.00,32.86,0.00
1156,0,0.00,32.86,0.00
1157,0,0.00,32.86,0.00
1158,0,0.00,32.71,0.00
1159,0,0.00,32.71,0.00
1160,4,31.43,32.71,39.68
1161,0,0.00,32.71,0.00
1162,0,0.00,32.71,0.00
1163,0,0.00,32.71,0.00
1164,2,15.43,32.71,31.04
1165,0,0.00,32.71,0.00
1166,4,1.29,32.71,37.16
1167,0,0.00,32.71,0.00
1168,1,0.71,32.71,9.97
1169,0,0.00,32.71,0.00
1170,1,2.71,32.71,59.97
1171,0,0.00,32.71,0.00
1172,3,6.00,32.71,14.63
1173,0,0.00,32.71,0.00
1174,0,0.00,32.71,0.00
1175,0,0.00,32.71,0.00
1176,0,0.00,32.71,0.00
1177,0,0.00,32.71,0.00
1178,1,8.86,32.71,32.26
1179,0,0.00,32.71,0.00
1180,0,0.00,32.71,0.00
1181,3,28.43,32.71,33.55
1182,0,0.00,32.71,0.00
1183,3,20.57,32.57,30.77
1184,4,20.71,32.57,19.63
1185,1,30.14,32.57,38.97
1186,0,0.00,32.57,0.00
1187,2,32.57,32.57,42.47
1188,1,3.57,32.57,15.36
1189,2,31.71,32.57,27.46
1190,1,0.86,32.57,21.74
1191,0,0.00,32.57,0.00
1192,0,0.00,32.57,0.00
1193,2,1.14,32.57,36.83
1194,1,1.57,32.57,11.77
1195,0,0.00,32.57,0.00
1196,0,0.00,32.57,0.00
1197,0,0.00,32.57,0.00
1198,1,0.57,32.57,24.74
1199,7,15.00,32.57,26.09
1200,0,0.00,32.57,0.00
1201,6,26.71,32.57,41.17
1202,0,0.00,32.57,0.00
1203,6,29.57,32.57,35.67
1204,0,0.00,32.57,0.00
1205,0,0.00,32.57,0.00
1206,0,0.00,32.57,0.00
1207,1,0.29,32.57,46.29
1208,0,0.00,32.43,0.00
1209,0,0.00,32.43,0.00
1210,0,0.00,32.43,0.00
1211,0,0.00,32.43,0.00
1212,0,0.00,32.43,0.00
1213,0,0.00,32.43,0.00
1214,0,0.00,32.43,0.00
1215,0,0.00,32.43,0.00
1216,0,0.00,32.43,0.00
1217,1,6.14,32.43,13.97
1218,0,0.00,32.43,0.00
1219,0,0.00,32.43,0.00
1220,1,3.71,32.43,56.28
1221,0,0.00,32.43,0.00
1222,0,0.00,32.43,0.00
1223,0,0.00,32.43,0.00
1224,0,0.00,32.43,0.00
1225,0,0.00,32.43,0.00
1226,0,0.00,32.43,0.00
1227,3,28.14,32.43,32.12
1228,0,0.00,32.43,0.00
1229,0,0.00,32.43,0.00
1230,3,25.86,32.29,23.49
1231,0,0.00,32.29,0.00
1232,3,27.57,32.29,11.31
1233,0,0.00,32.29,0.00
1234,8,23.00,32.29,37.65
1235,0,0.00,32.29,0.00
1236,1,0.86,32.29,11.77
1237,0,0.00,32.29,0.00
1238,0,0.00,32.29,0.00
1239,2,13.14,32.29,41.31
1240,0,0.00,32.29,0.00
1241,0,0.00,32.29,0.00
1242,11,30.86,32.29,15.03
1243,0,0.00,32.29,0.00
1244,1,1.29,32.29,39.74
1245,8,32.29,32.29,24.59
1246,0,0.00,32.29,0.00
1247,1,3.57,32.29,12.77
1248,0,0.00,32.29,0.00
1249,1,7.86,32.29,29.33
1250,0,0.00,32.29,0.00
1251,0,0.00,32.29,0.00
1252,3,23.43,32.29,47.16
1253,0,0.00,32.29,0.00
1254,0,0.00,32.29,0.00
1255,0,0.00,32.29,0.00
1256,0,0.00,32.29,0.00
1257,0,0.00,32.29,0.00
1258,3,14.29,32.29,78.06
1259,1,2.86,32.29,51.73
1260,0,0.00,32.29,0.00
1261,1,19.86,32.29,13.77
1262,6,25.00,32.29,73.96
1263,0,0.00,32.29,0.00
1264,2,21.43,32.29,12.97
1265,1,18.57,32.14,30.60
1266,1,0.14,32.14,6.79
1267,0,0.00,32.14,0.00
1268,1,2.86,32.14,8.78
1269,1,0.71,32.14,14.96
1270,0,0.00,32.14,0.00
1271,3,11.86,32.14,29.35
1272,2,18.71,32.14,36.02
1273,0,0.00,32.14,0.00
1274,0,0.00,32.14,0.00
1275,0,0.00,32.14,0.00
1276,2,2.43,32.14,53.92
1277,1,7.29,32.14,18.99
1278,1,15.86,32.14,29.73
1279,0,0.00,32.14,0.00
1280,0,0.00,32.14,0.00
1281,0,0.00,32.14,0.00
1282,0,0.00,32.14,0.00
1283,3,1.43,32.14,16.63
1284,2,8.29,32.14,13.97
1285,0,0.00,32.14,0.00
1286,3,19.14,32.14,14.31
1287,0,0.00,32.14,0.00
1288,0,0.00,32.14,0.00
1289,1,6.29,32.14,25.37
1290,4,24.71,32.14,68.63
1291,0,0.00,32.14,0.00
1292,6,30.71,32.14,19.82
1293,0,0.00,32.14,0.00
1294,1,5.86,32.14,17.54
1295,1,30.14,32.14,28.48
1296,4,27.71,32.14,28.49
1297,0,0.00,32.14,0.00
1298,2,27.14,32.14,20.95
1299,0,0.00,32.14,0.00
1300,4,31.57,32.14,31.28
1301,0,0.00,32.00,0.00
1302,0,0.00,32.00,0.00
1303,0,0.00,32.00,0.00
1304,0,0.00,32.00,0.00
1305,2,21.57,32.00,34.24
1306,0,0.00,32.00,0.00
1307,1,29.71,32.00,36.97
1308,0,0.00,32.00,0.00
1309,1,18.00,32.00,16.36
1310,2,8.00,32.00,173.04
1311,0,0.00,32.00,0.00
1312,0,0.00,32.00,0.00
1313,1,10.14,32.00,14.79
1314,0,0.00,32.00,0.00
1315,0,0.00,32.00,0.00
1316,2,11.86,32.00,26.75
1317,1,9.14,32.00,26.73
1318,0,0.00,32.00,0.00
1319,0,0.00,32.00,0.00
1320,3,6.29,32.00,19.50
1321,0,0.00,32.00,0.00
1322,0,0.00,32.00,0.00
1323,0,0.00,32.00,0.00
1324,0,0.00,32.00,0.00
1325,0,0.00,32.00,0.00
1326,0,0.00,32.00,0.00
1327,1,19.00,32.00,11.97
1328,1,29.29,32.00,23.49
1329,3,23.71,32.00,45.91
1330,2,27.14,32.00,33.14
1331,0,0.00,32.00,0.00
1332,0,0.00,32.00,0.00
1333,0,0.00,32.00,0.00
1334,1,4.57,32.00,15.30
1335,0,0.00,31.86,0.00
1336,0,0.00,31.86,0.00
1337,0,0.00,31.86,0.00
1338,4,29.14,31.86,20.81
1339,0,0.00,31.86,0.00
1340,1,1.57,31.86,44.11
1341,3,3.29,31.86,20.62
1342,0,0.00,31.86,0.00
1343,0,0.00,31.86,0.00
1344,0,0.00,31.86,0.00
1345,0,0.00,31.86,0.00
1346,0,0.00,31.86,0.00
1347,0,0.00,31.86,0.00
1348,3,30.71,31.86,18.66
1349,1,23.71,31.86,71.62
1350,0,0.00,31.86,0.00
1351,1,1.00,31.86,14.37
1352,1,30.57,31.86,41.47
1353,2,11.14,31.86,25.68
1354,0,0.00,31.86,0.00
1355,2,24.29,31.86,29.74
1356,0,0.00,31.86,0.00
1357,0,0.00,31.86,0.00
1358,0,0.00,31.86,0.00
1359,3,25.71,31.86,34.78
1360,0,0.00,31.86,0.00
1361,1,30.57,31.86,12.99
1362,0,0.00,31.86,0.00
1363,1,19.29,31.86,11.77
1364,0,0.00,31.86,0.00
1365,9,30.57,31.71,61.41
1366,0,0.00,31.71,0.00
1367,0,0.00,31.71,0.00
1368,4,8.43,31.71,53.30
1369,0,0.00,31.71,0.00
1370,2,23.43,31.71,18.96
1371,0,0.00,31.71,0.00
1372,5,26.00,31.71,23.78
1373,0,0.00,31.71,0.00
1374,0,0.00,31.71,0.00
1375,1,5.29,31.71,27.94
1376,0,0.00,31.71,0.00
1377,0,0.00,31.71,0.00
1378,1,23.00,31.71,5.78
1379,0,0.00,31.71,0.00
1380,0,0.00,31.71,0.00
1381,2,11.71,31.71,34.21
1382,0,0.00,31.71,0.00
1383,0,0.00,31.71,0.00
1384,0,0.00,31.71,0.00
1385,0,0.00,31.71,0.00
1386,0,0.00,31.71,0.00
1387,4,30.29,31.71,36.39
1388,1,5.00,31.71,42.10
1389,0,0.00,31.71,0.00
1390,0,0.00,31.57,0.00
1391,1,1.00,31.57,21.74
1392,5,22.86,31.57,22.80
1393,0,0.00,31.57,0.00
1394,0,0.00,31.57,0.00
1395,0,0.00,31.57,0.00
1396,1,7.57,31.57,93.84
1397,0,0.00,31.57,0.00
1398,1,11.14,31.57,25.54
1399,0,0.00,31.57,0.00
1400,1,8.00,31.57,15.36
1401,0,0.00,31.57,0.00
1402,1,6.57,31.57,23.94
1403,0,0.00,31.57,0.00
1404,0,0.00,31.57,0.00
1405,0,0.00,31.57,0.00
1406,0,0.00,31.57,0.00
1407,1,0.86,31.57,29.37
1408,3,28.14,31.57,12.24
1409,0,0.00,31.57,0.00
1410,0,0.00,31.57,0.00
1411,2,14.00,31.57,12.47
1412,0,0.00,31.57,0.00
1413,14,30.29,31.57,19.01
1414,4,16.86,31.57,92.42
1415,0,0.00,31.43,0.00
1416,0,0.00,31.43,0.00
1417,0,0.00,31.43,0.00
1418,0,0.00,31.43,0.00
1419,0,0.00,31.43,0.00
1420,0,0.00,31.43,0.00
1421,2,30.14,31.43,11.47
1422,0,0.00,31.43,0.00
1423,0,0.00,31.43,0.00
1424,2,24.71,31.43,10.39
1425,0,0.00,31.43,0.00
1426,3,18.71,31.43,27.09
1427,0,0.00,31.43,0.00
1428,2,6.29,31.43,19.99
1429,0,0.00,31.43,0.00
1430,0,0.00,31.43,0.00
1431,1,1.43,31.43,14.96
1432,1,27.43,31.43,12.25
1433,6,19.57,31.43,28.41
1434,1,26.14,31.43,13.97
1435,6,18.14,31.43,37.41
1436,0,0.00,31.43,0.00
1437,1,2.71,31.43,14.96
1438,2,7.43,31.43,13.07
1439,0,0.00,31.43,0.00
1440,0,0.00,31.43,0.00
1441,2,22.57,31.43,36.81
1442,1,22.57,31.43,78.52
1443,0,0.00,31.43,0.00
1444,2,21.43,31.43,32.02
1445,1,31.14,31.43,15.49
1446,0,0.00,31.43,0.00
1447,1,9.57,31.29,29.99
1448,0,0.00,31.29,0.00
1449,2,21.00,31.29,27.24
1450,0,0.00,31.29,0.00
1451,0,0.00,31.29,0.00
1452,3,17.43,31.29,28.94
1453,0,0.00,31.29,0.00
1454,0,0.00,31.29,0.00
1455,0,0.00,31.29,0.00
1456,0,0.00,31.29,0.00
1457,0,0.00,31.29,0.00
1458,0,0.00,31.29,0.00
1459,0,0.00,31.29,0.00
1460,4,13.14,31.29,43.97
1461,0,0.00,31.29,0.00
1462,4,20.14,31.29,32.45
1463,0,0.00,31.29,0.00
1464,1,6.00,31.29,28.74
1465,0,0.00,31.29,0.00
1466,0,0.00,31.29,0.00
1467,5,29.14,31.29,87.24
1468,0,0.00,31.29,0.00
1469,2,26.86,31.29,79.81
1470,0,0.00,31.29,0.00
1471,1,17.14,31.14,19.77
1472,0,0.00,31.14,0.00
1473,5,26.86,31.14,24.93
1474,0,0.00,31.14,0.00
1475,1,2.29,31.14,17.30
1476,2,26.29,31.14,54.04
1477,0,0.00,31.14,0.00
1478,2,12.29,31.14,93.80
1479,2,19.14,31.14,16.13
1480,0,0.00,31.14,0.00
1481,0,0.00,31.14,0.00
1482,1,16.71,31.14,11.77
1483,0,0.00,31.14,0.00
1484,0,0.00,31.14,0.00
1485,0,0.00,31.14,0.00
1486,0,0.00,31.14,0.00
1487,0,0.00,31.14,0.00
1488,0,0.00,31.14,0.00
1489,1,26.14,31.14,52.87
1490,2,5.00,31.14,28.84
1491,0,0.00,31.14,0.00
1492,0,0.00,31.14,0.00
1493,0,0.00,31.14,0.00
1494,0,0.00,31.14,0.00
1495,3,22.14,31.14,33.40
1496,0,0.00,31.14,0.00
1497,4,22.00,31.14,22.15
1498,0,0.00,31.14,0.00
1499,1,2.00,31.14,13.97
1500,0,0.00,31.14,0.00
1501,0,0.00,31.14,0.00
1502,3,25.86,31.14,97.10
1503,1,3.14,31.14,49.27
1504,0,0.00,31.14,0.00
1505,2,25.14,31.14,100.35
1506,0,0.00,31.14,0.00
1507,2,4.00,31.14,16.86
1508,1,10.43,31.00,31.13
1509,0,0.00,31.00,0.00
1510,0,0.00,31.00,0.00
1511,0,0.00,31.00,0.00
1512,4,19.00,31.00,82.83
1513,0,0.00,31.00,0.00
1514,0,0.00,31.00,0.00
1515,0,0.00,31.00,0.00
1516,26,30.86,31.00,39.97
1517,1,30.57,31.00,11.49
1518,6,26.14,31.00,40.85
1519,0,0.00,31.00,0.00
1520,0,0.00,31.00,0.00
1521,1,8.29,31.00,14.90
1522,0,0.00,31.00,0.00
1523,0,0.00,31.00,0.00
1524,0,0.00,31.00,0.00
1525,2,30.57,31.00,17.63
1526,0,0.00,31.00,0.00
1527,0,0.00,31.00,0.00
1528,0,0.00,31.00,0.00
1529,2,1.57,31.00,68.17
1530,0,0.00,31.00,0.00
1531,0,0.00,31.00,0.00
1532,1,17.43,31.00,26.94
1533,2,19.71,31.00,22.96
1534,0,0.00,31.00,0.00
1535,1,29.29,31.00,10.48
1536,0,0.00,31.00,0.00
1537,0,0.00,31.00,0.00
1538,0,0.00,31.00,0.00
1539,14,29.86,30.86,18.13
1540,0,0.00,30.86,0.00
1541,1,2.71,30.86,14.79
1542,0,0.00,30.86,0.00
1543,2,5.14,30.86,17.57
1544,4,25.43,30.86,29.48
1545,0,0.00,30.86,0.00
1546,1,2.71,30.86,11.77
1547,6,29.29,30.86,67.14
1548,0,0.00,30.86,0.00
1549,0,0.00,30.86,0.00
1550,1,0.14,30.86,15.36
1551,3,26.00,30.86,15.58
1552,1,2.14,30.86,13.97
1553,0,0.00,30.86,0.00
1554,0,0.00,30.86,0.00
1555,0,0.00,30.86,0.00
1556,0,0.00,30.86,0.00
1557,1,16.29,30.86,50.48
1558,1,2.29,30.86,11.97
1559,0,0.00,30.86,0.00
1560,8,28.71,30.86,117.46
1561,0,0.00,30.86,0.00
1562,0,0.00,30.86,0.00
1563,0,0.00,30.86,0.00
1564,0,0.00,30.86,0.00
1565,0,0.00,30.86,0.00
1566,0,0.00,30.86,0.00
1567,3,25.86,30.86,17.89
1568,0,0.00,30.86,0.00
1569,1,5.43,30.86,27.34
1570,0,0.00,30.86,0.00
1571,0,0.00,30.86,0.00
1572,3,30.29,30.86,22.39
1573,0,0.00,30.86,0.00
1574,1,1.14,30.86,14.37
1575,1,10.71,30.71,7.98
1576,1,3.00,30.71,20.99
1577,1,22.00,30.71,29.92
1578,0,0.00,30.71,0.00
1579,1,3.86,30.71,16.36
1580,9,12.00,30.71,24.46
1581,0,0.00,30.71,0.00
1582,0,0.00,30.71,0.00
1583,3,26.43,30.71,28.20
1584,0,0.00,30.71,0.00
1585,0,0.00,30.71,0.00
1586,0,0.00,30.71,0.00
1587,0,0.00,30.71,0.00
1588,1,7.57,30.71,26.74
1589,0,0.00,30.71,0.00
1590,0,0.00,30.71,0.00
1591,0,0.00,30.71,0.00
1592,0,0.00,30.71,0.00
1593,1,2.00,30.71,9.97
1594,0,0.00,30.71,0.00
1595,2,4.00,30.71,22.64
1596,0,0.00,30.71,0.00
1597,4,20.29,30.71,59.30
1598,1,25.00,30.71,186.26
1599,0,0.00,30.71,0.00
1600,0,0.00,30.71,0.00
1601,0,0.00,30.71,0.00
1602,0,0.00,30.71,0.00
1603,0,0.00,30.71,0.00
1604,0,0.00,30.71,0.00
1605,2,21.43,30.71,87.46
1606,0,0.00,30.71,0.00
1607,1,24.71,30.71,14.96
1608,1,30.29,30.71,12.99
1609,1,14.71,30.57,12.77
1610,0,0.00,30.57,0.00
1611,3,17.57,30.57,21.64
1612,2,6.00,30.57,14.67
1613,0,0.00,30.57,0.00
1614,2,27.71,30.57,21.13
1615,5,28.43,30.57,39.96
1616,0,0.00,30.57,0.00
1617,1,16.57,30.57,15.96
1618,0,0.00,30.57,0.00
1619,0,0.00,30.57,0.00
1620,1,1.71,30.57,10.77
1621,1,25.86,30.57,19.55
1622,0,0.00,30.57,0.00
1623,0,0.00,30.57,0.00
1624,0,0.00,30.57,0.00
1625,0,0.00,30.57,0.00
1626,1,3.29,30.57,48.36
1627,0,0.00,30.57,0.00
1628,5,25.86,30.57,28.81
1629,1,28.14,30.57,60.44
1630,0,0.00,30.57,0.00
1631,1,5.71,30.57,12.49
1632,0,0.00,30.57,0.00
1633,4,26.71,30.57,39.38
1634,0,0.00,30.57,0.00
1635,0,0.00,30.57,0.00
1636,0,0.00,30.57,0.00
1637,0,0.00,30.57,0.00
1638,0,0.00,30.57,0.00
1639,4,21.71,30.43,27.34
1640,3,12.71,30.43,41.36
1641,0,0.00,30.43,0.00
1642,0,0.00,30.43,0.00
1643,0,0.00,30.43,0.00
1644,1,17.29,30.43,33.86
1645,0,0.00,30.43,0.00
1646,1,3.29,30.43,38.31
1647,0,0.00,30.43,0.00
1648,2,8.86,30.43,20.35
1649,0,0.00,30.43,0.00
1650,0,0.00,30.43,0.00
1651,0,0.00,30.43,0.00
1652,2,24.43,30.43,12.57
1653,4,20.86,30.43,23.70
1654,0,0.00,30.43,0.00
1655,0,0.00,30.43,0.00
1656,0,0.00,30.43,0.00
1657,0,0.00,30.43,0.00
1658,2,19.57,30.43,38.73
1659,0,0.00,30.43,0.00
1660,0,0.00,30.43,0.00
1661,0,0.00,30.43,0.00
1662,1,16.86,30.43,14.96
1663,0,0.00,30.43,0.00
1664,1,6.00,30.43,24.73
1665,1,4.29,30.29,18.36
1666,0,0.00,30.29,0.00
1667,0,0.00,30.29,0.00
1668,3,16.86,30.29,21.01
1669,3,30.29,30.29,23.29
1670,0,0.00,30.29,0.00
1671,2,25.71,30.29,45.19
1672,0,0.00,30.29,0.00
1673,1,21.14,30.29,56.77
1674,0,0.00,30.29,0.00
1675,1,24.57,30.29,28.74
1676,0,0.00,30.29,0.00
1677,0,0.00,30.29,0.00
1678,0,0.00,30.29,0.00
1679,5,28.29,30.29,63.19
1680,1,8.29,30.29,22.54
1681,3,18.29,30.29,13.23
1682,0,0.00,30.29,0.00
1683,2,19.43,30.29,11.77
1684,1,1.86,30.29,25.99
1685,0,0.00,30.29,0.00
1686,1,10.14,30.29,28.08
1687,0,0.00,30.29,0.00
1688,0,0.00,30.29,0.00
1689,0,0.00,30.29,0.00
1690,1,22.00,30.29,13.97
1691,0,0.00,30.29,0.00
1692,2,3.86,30.29,39.81
1693,0,0.00,30.29,0.00
1694,0,0.00,30.29,0.00
1695,0,0.00,30.29,0.00
1696,2,17.71,30.14,245.21
1697,3,20.86,30.14,24.75
1698,0,0.00,30.14,0.00
1699,0,0.00,30.14,0.00
1700,5,30.00,30.14,20.87
1701,0,0.00,30.14,0.00
1702,2,2.00,30.14,18.34
1703,0,0.00,30.14,0.00
1704,0,0.00,30.14,0.00
1705,0,0.00,30.14,0.00
1706,0,0.00,30.14,0.00
1707,0,0.00,30.14,0.00
1708,1,1.29,30.14,5.78
1709,1,16.14,30.14,14.96
1710,0,0.00,30.14,0.00
1711,0,0.00,30.14,0.00
1712,9,28.57,30.14,32.13
1713,2,8.86,30.14,41.14
1714,0,0.00,30.14,0.00
1715,1,6.29,30.14,52.50
1716,1,2.14,30.14,116.47
1717,0,0.00,30.14,0.00
1718,0,0.00,30.14,0.00
1719,0,0.00,30.14,0.00
1720,1,21.86,30.14,41.11
1721,1,21.86,30.14,43.89
1722,0,0.00,30.14,0.00
1723,0,0.00,30.14,0.00
1724,0,0.00,30.14,0.00
1725,0,0.00,30.14,0.00
1726,0,0.00,30.00,0.00
1727,0,0.00,30.00,0.00
1728,2,5.43,30.00,15.48
1729,0,0.00,30.00,0.00
1730,0,0.00,30.00,0.00
1731,0,0.00,30.00,0.00
1732,0,0.00,30.00,0.00
1733,3,29.71,30.00,43.47
1734,0,0.00,30.00,0.00
1735,0,0.00,30.00,0.00
1736,0,0.00,30.00,0.00
1737,1,20.86,30.00,15.36
1738,0,0.00,30.00,0.00
1739,0,0.00,30.00,0.00
1740,0,0.00,30.00,0.00
1741,0,0.00,30.00,0.00
1742,2,25.14,30.00,22.35
1743,0,0.00,30.00,0.00
1744,4,25.14,30.00,26.47
1745,0,0.00,30.00,0.00
1746,4,28.43,30.00,33.56
1747,3,24.43,30.00,32.79
1748,0,0.00,30.00,0.00
1749,3,16.00,30.00,10.83
1750,2,15.71,30.00,43.69
1751,0,0.00,30.00,0.00
1752,0,0.00,30.00,0.00
1753,0,0.00,30.00,0.00
1754,0,0.00,30.00,0.00
1755,0,0.00,30.00,0.00
1756,4,7.57,30.00,34.94
1757,0,0.00,30.00,0.00
1758,0,0.00,29.86,0.00
1759,0,0.00,29.86,0.00
1760,5,26.57,29.86,31.61
1761,3,6.29,29.86,90.41
1762,2,15.29,29.86,34.13
1763,2,28.71,29.86,15.23
1764,0,0.00,29.86,0.00
1765,0,0.00,29.86,0.00
1766,3,24.71,29.86,38.57
1767,2,16.86,29.86,19.99
1768,4,26.57,29.86,32.66
1769,0,0.00,29.86,0.00
1770,7,28.00,29.86,12.89
1771,1,21.57,29.86,14.96
1772,2,20.71,29.86,14.77
1773,0,0.00,29.86,0.00
1774,2,8.14,29.86,13.73
1775,2,15.29,29.86,23.00
1776,0,0.00,29.86,0.00
1777,3,2.43,29.86,47.03
1778,0,0.00,29.86,0.00
1779,0,0.00,29.86,0.00
1780,0,0.00,29.86,0.00
1781,1,24.57,29.86,16.36
1782,0,0.00,29.86,0.00
1783,1,14.00,29.86,56.06
1784,0,0.00,29.86,0.00
1785,0,0.00,29.86,0.00
1786,3,12.71,29.86,8.51
1787,0,0.00,29.86,0.00
1788,0,0.00,29.86,0.00
1789,1,2.86,29.86,26.73
1790,6,26.43,29.86,27.93
1791,0,0.00,29.86,0.00
1792,1,17.57,29.86,29.98
1793,0,0.00,29.86,0.00
1794,2,24.86,29.86,41.72
1795,3,5.71,29.86,26.32
1796,0,0.00,29.86,0.00
1797,0,0.00,29.86,0.00
1798,3,9.71,29.71,64.21
1799,0,0.00,29.71,0.00
1800,1,20.14,29.71,105.26
1801,0,0.00,29.71,0.00
1802,0,0.00,29.71,0.00
1803,0,0.00,29.71,0.00
1804,0,0.00,29.71,0.00
1805,0,0.00,29.71,0.00
1806,0,0.00,29.71,0.00
1807,0,0.00,29.71,0.00
1808,5,29.57,29.71,42.51
1809,0,0.00,29.71,0.00
1810,0,0.00,29.71,0.00
1811,0,0.00,29.71,0.00
1812,1,21.14,29.71,87.40
1813,0,0.00,29.71,0.00
1814,0,0.00,29.71,0.00
1815,0,0.00,29.71,0.00
1816,0,0.00,29.71,0.00
1817,0,0.00,29.71,0.00
1818,0,0.00,29.71,0.00
1819,0,0.00,29.71,0.00
1820,9,23.43,29.71,62.40
1821,4,28.14,29.71,26.91
1822,2,27.57,29.71,47.95
1823,0,0.00,29.71,0.00
1824,0,0.00,29.71,0.00
1825,1,5.00,29.71,48.31
1826,4,8.00,29.71,45.73
1827,1,20.86,29.57,27.94
1828,0,0.00,29.57,0.00
1829,1,1.00,29.57,63.04
1830,0,0.00,29.57,0.00
1831,1,20.86,29.57,11.77
1832,0,0.00,29.57,0.00
1833,0,0.00,29.57,0.00
1834,1,19.71,29.57,28.77
1835,0,0.00,29.57,0.00
1836,1,0.71,29.57,6.77
1837,0,0.00,29.57,0.00
1838,0,0.00,29.57,0.00
1839,0,0.00,29.57,0.00
1840,1,1.71,29.57,32.99
1841,0,0.00,29.57,0.00
1842,1,14.29,29.57,36.70
1843,5,29.43,29.57,40.12
1844,0,0.00,29.57,0.00
1845,1,25.00,29.57,14.96
1846,0,0.00,29.57,0.00
1847,0,0.00,29.57,0.00
1848,0,0.00,29.57,0.00
1849,1,27.00,29.57,12.99
1850,0,0.00,29.57,0.00
1851,1,9.71,29.57,14.99
1852,0,0.00,29.57,0.00
1853,1,2.00,29.57,18.99
1854,0,0.00,29.57,0.00
1855,1,1.57,29.57,43.89
1856,1,26.29,29.43,12.25
1857,0,0.00,29.43,0.00
1858,0,0.00,29.43,0.00
1859,0,0.00,29.43,0.00
1860,7,28.57,29.43,36.26
1861,0,0.00,29.43,0.00
1862,0,0.00,29.43,0.00
1863,1,28.57,29.43,2.99
1864,0,0.00,29.43,0.00
1865,1,24.00,29.43,11.77
1866,0,0.00,29.43,0.00
1867,0,0.00,29.43,0.00
1868,0,0.00,29.43,0.00
1869,0,0.00,29.43,0.00
1870,0,0.00,29.43,0.00
1871,0,0.00,29.43,0.00
1872,1,2.43,29.43,44.69
1873,1,9.57,29.43,9.70
1874,0,0.00,29.43,0.00
1875,0,0.00,29.43,0.00
1876,1,24.14,29.43,14.37
1877,0,0.00,29.43,0.00
1878,2,10.71,29.43,11.77
1879,0,0.00,29.43,0.00
1880,0,0.00,29.43,0.00
1881,0,0.00,29.43,0.00
1882,1,11.43,29.43,9.99
1883,0,0.00,29.43,0.00
1884,0,0.00,29.29,0.00
1885,0,0.00,29.29,0.00
1886,1,16.29,29.29,13.97
1887,15,23.86,29.29,19.83
1888,0,0.00,29.29,0.00
1889,1,16.29,29.29,59.65
1890,0,0.00,29.29,0.00
1891,2,20.57,29.29,14.47
1892,0,0.00,29.29,0.00
1893,0,0.00,29.29,0.00
1894,3,22.57,29.29,24.76
1895,0,0.00,29.29,0.00
1896,0,0.00,29.29,0.00
1897,0,0.00,29.29,0.00
1898,0,0.00,29.29,0.00
1899,1,12.14,29.29,22.54
1900,0,0.00,29.29,0.00
1901,21,4.71,29.29,299.63
1902,2,20.43,29.29,75.05
1903,0,0.00,29.29,0.00
1904,0,0.00,29.29,0.00
1905,0,0.00,29.29,0.00
1906,3,19.86,29.29,17.89
1907,0,0.00,29.29,0.00
1908,0,0.00,29.29,0.00
1909,3,16.14,29.29,19.48
1910,2,20.57,29.29,37.82
1911,1,2.14,29.29,12.79
1912,0,0.00,29.29,0.00
1913,0,0.00,29.29,0.00
1914,1,0.43,29.29,42.49
1915,1,17.14,29.14,123.53
1916,1,3.29,29.14,32.00
1917,0,0.00,29.14,0.00
1918,0,0.00,29.14,0.00
1919,1,25.14,29.14,17.30
1920,2,18.29,29.14,213.01
1921,2,3.71,29.14,20.69
1922,1,5.14,29.14,34.93
1923,0,0.00,29.14,0.00
1924,0,0.00,29.14,0.00
1925,4,28.57,29.14,13.17
1926,0,0.00,29.14,0.00
1927,0,0.00,29.14,0.00
1928,0,0.00,29.14,0.00
1929,2,27.86,29.14,12.13
1930,0,0.00,29.14,0.00
1931,0,0.00,29.14,0.00
1932,1,22.71,29.14,14.96
1933,0,0.00,29.14,0.00
1934,1,19.14,29.14,15.76
1935,1,11.14,29.14,20.54
1936,0,0.00,29.14,0.00
1937,0,0.00,29.14,0.00
1938,0,0.00,29.14,0.00
1939,2,27.71,29.14,34.91
1940,0,0.00,29.14,0.00
1941,0,0.00,29.14,0.00
1942,0,0.00,29.14,0.00
1943,2,20.14,29.14,32.53
1944,0,0.00,29.14,0.00
1945,0,0.00,29.00,0.00
1946,2,4.00,29.00,36.11
1947,0,0.00,29.00,0.00
1948,0,0.00,29.00,0.00
1949,0,0.00,29.00,0.00
1950,1,15.14,29.00,26.14
1951,0,0.00,29.00,0.00
1952,0,0.00,29.00,0.00
1953,6,21.29,29.00,38.25
1954,0,0.00,29.00,0.00
1955,11,23.29,29.00,30.04
1956,0,0.00,29.00,0.00
1957,0,0.00,29.00,0.00
1958,1,3.86,29.00,14.96
1959,1,1.57,29.00,13.97
1960,0,0.00,29.00,0.00
1961,1,28.00,29.00,11.49
1962,1,18.29,29.00,38.97
1963,2,10.86,29.00,49.97
1964,2,25.43,29.00,25.66
1965,0,0.00,29.00,0.00
1966,3,1.43,29.00,37.45
1967,0,0.00,29.00,0.00
1968,0,0.00,29.00,0.00
1969,0,0.00,29.00,0.00
1970,0,0.00,29.00,0.00
1971,0,0.00,29.00,0.00
1972,0,0.00,29.00,0.00
1973,0,0.00,29.00,0.00
1974,0,0.00,29.00,0.00
1975,1,8.86,28.86,22.77
1976,0,0.00,28.86,0.00
1977,0,0.00,28.86,0.00
1978,0,0.00,28.86,0.00
1979,0,0.00,28.86,0.00
1980,1,1.71,28.86,60.25
1981,17,28.43,28.86,48.23
1982,2,23.71,28.86,15.16
1983,2,11.86,28.86,35.86
1984,0,0.00,28.86,0.00
1985,2,3.00,28.86,26.54
1986,0,0.00,28.86,0.00
1987,2,21.29,28.86,20.65
1988,0,0.00,28.86,0.00
1989,0,0.00,28.86,0.00
1990,0,0.00,28.86,0.00
1991,0,0.00,28.86,0.00
1992,1,16.71,28.86,13.97
1993,0,0.00,28.86,0.00
1994,0,0.00,28.86,0.00
1995,0,0.00,28.86,0.00
1996,0,0.00,28.86,0.00
1997,0,0.00,28.86,0.00
1998,0,0.00,28.86,0.00
1999,0,0.00,28.86,0.00
2000,0,0.00,28.86,0.00
2001,0,0.00,28.71,0.00
2002,0,0.00,28.71,0.00
2003,0,0.00,28.71,0.00
2004,0,0.00,28.71,0.00
2005,3,15.86,28.71,62.95
2006,0,0.00,28.71,0.00
2007,1,22.71,28.71,21.70
2008,0,0.00,28.71,0.00
2009,0,0.00,28.71,0.00
2010,1,15.14,28.71,19.99
2011,0,0.00,28.71,0.00
2012,2,8.43,28.71,20.10
2013,0,0.00,28.71,0.00
2014,0,0.00,28.71,0.00
2015,0,0.00,28.71,0.00
2016,0,0.00,28.71,0.00
2017,1,15.57,28.71,11.77
2018,0,0.00,28.71,0.00
2019,0,0.00,28.71,0.00
2020,0,0.00,28.71,0.00
2021,0,0.00,28.71,0.00
2022,1,13.00,28.71,27.94
2023,0,0.00,28.71,0.00
2024,7,24.29,28.71,16.60
2025,0,0.00,28.71,0.00
2026,0,0.00,28.71,0.00
2027,1,8.71,28.71,10.77
2028,0,0.00,28.71,0.00
2029,0,0.00,28.57,0.00
2030,3,15.14,28.57,29.20
2031,0,0.00,28.57,0.00
2032,0,0.00,28.57,0.00
2033,2,25.29,28.57,34.90
2034,4,21.71,28.57,26.56
2035,0,0.00,28.57,0.00
2036,1,2.29,28.57,13.77
2037,0,0.00,28.57,0.00
2038,0,0.00,28.57,0.00
2039,0,0.00,28.57,0.00
2040,0,0.00,28.57,0.00
2041,2,9.57,28.57,13.07
2042,1,2.14,28.57,66.43
2043,0,0.00,28.57,0.00
2044,4,25.14,28.57,37.66
2045,2,5.71,28.57,30.94
2046,0,0.00,28.57,0.00
2047,0,0.00,28.57,0.00
2048,1,14.86,28.57,14.79
2049,3,15.00,28.57,43.70
2050,0,0.00,28.57,0.00
2051,0,0.00,28.57,0.00
2052,1,11.00,28.57,12.25
2053,0,0.00,28.57,0.00
2054,0,0.00,28.57,0.00
2055,1,13.14,28.57,50.48
2056,0,0.00,28.57,0.00
2057,1,8.43,28.57,14.96
2058,1,25.43,28.57,122.37
2059,0,0.00,28.57,0.00
2060,0,0.00,28.57,0.00
2061,0,0.00,28.43,0.00
2062,0,0.00,28.43,0.00
2063,0,0.00,28.43,0.00
2064,0,0.00,28.43,0.00
2065,0,0.00,28.43,0.00
2066,0,0.00,28.43,0.00
2067,0,0.00,28.43,0.00
2068,2,27.71,28.43,39.34
2069,3,27.71,28.43,19.47
2070,0,0.00,28.43,0.00
2071,1,13.86,28.43,8.97
2072,0,0.00,28.43,0.00
2073,1,4.14,28.43,35.91
2074,1,21.14,28.43,28.74
2075,3,7.29,28.43,11.60
2076,3,27.71,28.43,27.09
2077,0,0.00,28.43,0.00
2078,0,0.00,28.43,0.00
2079,0,0.00,28.43,0.00
2080,0,0.00,28.43,0.00
2081,1,1.43,28.43,4.79
2082,0,0.00,28.43,0.00
2083,2,8.43,28.43,44.99
2084,0,0.00,28.43,0.00
2085,1,0.86,28.43,14.96
2086,0,0.00,28.29,0.00
2087,0,0.00,28.29,0.00
2088,0,0.00,28.29,0.00
2089,1,28.29,28.29,12.99
2090,1,1.29,28.29,16.36
2091,0,0.00,28.29,0.00
2092,2,5.43,28.29,21.66
2093,0,0.00,28.29,0.00
2094,2,22.14,28.29,25.85
2095,0,0.00,28.29,0.00
2096,3,26.00,28.29,45.64
2097,0,0.00,28.29,0.00
2098,4,11.14,28.29,77.06
2099,0,0.00,28.29,0.00
2100,1,11.00,28.29,31.76
2101,1,7.57,28.29,54.51
2102,0,0.00,28.29,0.00
2103,0,0.00,28.29,0.00
2104,1,18.86,28.29,48.91
2105,0,0.00,28.29,0.00
2106,3,21.14,28.29,18.82
2107,0,0.00,28.29,0.00
2108,0,0.00,28.29,0.00
2109,0,0.00,28.29,0.00
2110,1,13.29,28.29,15.76
2111,1,1.57,28.29,42.29
2112,0,0.00,28.29,0.00
2113,0,0.00,28.29,0.00
2114,0,0.00,28.29,0.00
2115,0,0.00,28.29,0.00
2116,0,0.00,28.29,0.00
2117,1,19.00,28.29,14.37
2118,0,0.00,28.29,0.00
2119,1,4.29,28.29,176.86
2120,0,0.00,28.14,0.00
2121,3,27.71,28.14,33.47
2122,0,0.00,28.14,0.00
2123,6,12.43,28.14,37.81
2124,0,0.00,28.14,0.00
2125,0,0.00,28.14,0.00
2126,0,0.00,28.14,0.00
2127,0,0.00,28.14,0.00
2128,3,24.43,28.14,53.57
2129,0,0.00,28.14,0.00
2130,0,0.00,28.14,0.00
2131,0,0.00,28.14,0.00
2132,2,25.00,28.14,19.64
2133,5,9.57,28.14,40.54
2134,0,0.00,28.14,0.00
2135,1,3.57,28.14,47.28
2136,0,0.00,28.14,0.00
2137,0,0.00,28.14,0.00
2138,1,2.86,28.14,16.70
2139,0,0.00,28.14,0.00
2140,1,7.14,28.14,24.99
2141,0,0.00,28.14,0.00
2142,0,0.00,28.14,0.00
2143,2,17.00,28.14,41.83
2144,0,0.00,28.14,0.00
2145,1,5.43,28.14,11.77
2146,2,24.57,28.14,13.57
2147,0,0.00,28.14,0.00
2148,0,0.00,28.00,0.00
2149,7,26.86,28.00,37.83
2150,0,0.00,28.00,0.00
2151,0,0.00,28.00,0.00
2152,2,14.29,28.00,48.68
2153,0,0.00,28.00,0.00
2154,2,21.86,28.00,22.55
2155,2,2.86,28.00,15.37
2156,0,0.00,28.00,0.00
2157,0,0.00,28.00,0.00
2158,0,0.00,28.00,0.00
2159,0,0.00,28.00,0.00
2160,0,0.00,28.00,0.00
2161,2,8.43,28.00,38.13
2162,0,0.00,28.00,0.00
2163,8,27.57,28.00,51.97
2164,0,0.00,28.00,0.00
2165,0,0.00,28.00,0.00
2166,5,18.43,28.00,18.63
2167,0,0.00,28.00,0.00
2168,1,8.43,28.00,14.37
2169,0,0.00,28.00,0.00
2170,1,1.43,28.00,15.36
2171,0,0.00,28.00,0.00
2172,1,3.57,28.00,19.54
2173,0,0.00,28.00,0.00
2174,0,0.00,28.00,0.00
2175,1,11.29,28.00,29.60
2176,0,0.00,28.00,0.00
2177,3,8.00,28.00,12.57
2178,0,0.00,28.00,0.00
2179,2,20.57,27.86,54.59
2180,0,0.00,27.86,0.00
2181,0,0.00,27.86,0.00
2182,0,0.00,27.86,0.00
2183,2,12.57,27.86,62.23
2184,1,19.57,27.86,26.33
2185,0,0.00,27.86,0.00
2186,0,0.00,27.86,0.00
2187,0,0.00,27.86,0.00
2188,0,0.00,27.86,0.00
2189,1,0.14,27.86,14.79
2190,0,0.00,27.86,0.00
2191,2,25.71,27.86,59.66
2192,0,0.00,27.86,0.00
2193,0,0.00,27.86,0.00
2194,0,0.00,27.86,0.00
2195,0,0.00,27.86,0.00
2196,2,23.71,27.86,12.02
2197,0,0.00,27.86,0.00
2198,0,0.00,27.86,0.00
2199,1,7.43,27.86,9.98
2200,0,0.00,27.86,0.00
2201,1,23.57,27.86,37.95
2202,2,24.43,27.86,87.90
2203,0,0.00,27.86,0.00
2204,0,0.00,27.86,0.00
2205,1,1.71,27.86,100.37
2206,0,0.00,27.86,0.00
2207,2,7.57,27.71,20.96
2208,0,0.00,27.71,0.00
2209,0,0.00,27.71,0.00
2210,3,25.71,27.71,18.43
2211,0,0.00,27.71,0.00
2212,0,0.00,27.71,0.00
2213,0,0.00,27.71,0.00
2214,1,21.57,27.71,5.96
2215,0,0.00,27.71,0.00
2216,0,0.00,27.71,0.00
2217,0,0.00,27.71,0.00
2218,1,14.00,27.71,11.77
2219,0,0.00,27.71,0.00
2220,9,25.29,27.71,15.81
2221,3,20.14,27.71,125.60
2222,0,0.00,27.71,0.00
2223,0,0.00,27.71,0.00
2224,0,0.00,27.71,0.00
2225,0,0.00,27.71,0.00
2226,0,0.00,27.71,0.00
2227,0,0.00,27.71,0.00
2228,3,19.86,27.57,28.39
2229,0,0.00,27.57,0.00
2230,0,0.00,27.57,0.00
2231,2,26.43,27.57,41.44
2232,0,0.00,27.57,0.00
2233,1,27.29,27.57,38.97
2234,1,21.43,27.57,71.50
2235,1,7.71,27.57,39.98
2236,0,0.00,27.57,0.00
2237,0,0.00,27.57,0.00
2238,0,0.00,27.57,0.00
2239,2,6.43,27.57,45.61
2240,6,27.57,27.57,31.10
2241,0,0.00,27.57,0.00
2242,0,0.00,27.57,0.00
2243,0,0.00,27.57,0.00
2244,0,0.00,27.57,0.00
2245,0,0.00,27.57,0.00
2246,0,0.00,27.57,0.00
2247,0,0.00,27.43,0.00
2248,0,0.00,27.43,0.00
2249,0,0.00,27.43,0.00
2250,1,9.71,27.43,18.76
2251,0,0.00,27.43,0.00
2252,1,8.43,27.43,13.77
2253,0,0.00,27.43,0.00
2254,1,3.71,27.43,61.24
2255,0,0.00,27.43,0.00
2256,0,0.00,27.43,0.00
2257,0,0.00,27.43,0.00
2258,0,0.00,27.43,0.00
2259,0,0.00,27.43,0.00
2260,1,9.00,27.43,95.95
2261,4,23.00,27.43,79.86
2262,0,0.00,27.43,0.00
2263,0,0.00,27.43,0.00
2264,2,27.00,27.43,77.29
2265,0,0.00,27.43,0.00
2266,0,0.00,27.43,0.00
2267,0,0.00,27.43,0.00
2268,0,0.00,27.43,0.00
2269,0,0.00,27.43,0.00
2270,1,16.29,27.43,14.96
2271,0,0.00,27.29,0.00
2272,0,0.00,27.29,0.00
2273,0,0.00,27.29,0.00
2274,1,4.86,27.29,26.99
2275,0,0.00,27.29,0.00
2276,0,0.00,27.29,0.00
2277,0,0.00,27.29,0.00
2278,1,22.14,27.29,45.29
2279,0,0.00,27.29,0.00
2280,2,20.71,27.29,29.65
2281,0,0.00,27.29,0.00
2282,1,0.71,27.29,14.37
2283,0,0.00,27.29,0.00
2284,0,0.00,27.29,0.00
2285,6,13.29,27.29,41.79
2286,0,0.00,27.29,0.00
2287,0,0.00,27.29,0.00
2288,0,0.00,27.29,0.00
2289,0,0.00,27.29,0.00
2290,1,15.86,27.29,29.33
2291,0,0.00,27.29,0.00
2292,0,0.00,27.29,0.00
2293,2,15.43,27.29,22.15
2294,6,21.14,27.29,34.67
2295,0,0.00,27.14,0.00
2296,1,12.14,27.14,25.34
2297,0,0.00,27.14,0.00
2298,0,0.00,27.14,0.00
2299,0,0.00,27.14,0.00
2300,0,0.00,27.14,0.00
2301,2,19.00,27.14,38.37
2302,0,0.00,27.14,0.00
2303,7,23.43,27.14,38.57
2304,0,0.00,27.14,0.00
2305,1,24.43,27.14,27.98
2306,2,8.29,27.14,40.41
2307,1,6.14,27.14,14.96
2308,1,1.57,27.14,28.93
2309,1,0.43,27.14,15.96
2310,0,0.00,27.14,0.00
2311,0,0.00,27.14,0.00
2312,1,25.86,27.14,12.49
2313,5,18.00,27.14,20.68
2314,0,0.00,27.14,0.00
2315,1,7.86,27.14,50.87
2316,0,0.00,27.14,0.00
2317,0,0.00,27.14,0.00
2318,2,13.29,27.14,23.66
2319,0,0.00,27.14,0.00
2320,0,0.00,27.14,0.00
2321,0,0.00,27.14,0.00
2322,0,0.00,27.14,0.00
2323,0,0.00,27.14,0.00
2324,0,0.00,27.14,0.00
2325,1,2.57,27.14,22.99
2326,0,0.00,27.14,0.00
2327,0,0.00,27.14,0.00
2328,1,21.43,27.00,34.97
2329,0,0.00,27.00,0.00
2330,1,13.71,27.00,15.36
2331,0,0.00,27.00,0.00
2332,5,13.00,27.00,146.96
2333,1,20.43,27.00,68.63
2334,0,0.00,27.00,0.00
2335,1,2.57,27.00,32.91
2336,2,6.86,27.00,21.85
2337,0,0.00,27.00,0.00
2338,0,0.00,27.00,0.00
2339,1,11.71,27.00,21.00
2340,2,17.57,27.00,43.80
2341,0,0.00,27.00,0.00
2342,1,6.29,27.00,52.69
2343,0,0.00,27.00,0.00
2344,2,12.00,27.00,15.24
2345,0,0.00,27.00,0.00
2346,1,7.57,27.00,11.77
2347,2,9.86,27.00,32.64
2348,7,24.14,27.00,16.36
2349,1,9.29,27.00,13.97
2350,2,21.86,27.00,18.56
2351,0,0.00,27.00,0.00
2352,0,0.00,27.00,0.00
2353,0,0.00,27.00,0.00
2354,5,24.29,27.00,44.93
2355,0,0.00,27.00,0.00
2356,4,26.57,27.00,33.32
2357,0,0.00,27.00,0.00